Curso_ID,Curso,Modulo_ID,Modulo,Actividad,Tipo,Criterio,Estado_actual,Porcentaje_cumplimiento,Evidencia,Hallazgo,Cambio_requerido,Cambio_propuesto,Justificacion,Prioridad,Autorizacion
5,"Gastronomía, mención Cocina",42,Higiene para la elaboración de alimentos,"questions: indices [3, 23]",Pregunta final,Duplicacion exacta de tarea y evidencia,Requiere contraste especializado,,"Mismos enunciado, contexto, alternativas, imagen, tabla y estimulo en indices [3, 23].","Mismos enunciado, contexto, alternativas, imagen, tabla y estimulo en indices [3, 23].",Por determinar,"Confirmar si la repeticion es intencional; si no, diferenciar las tareas questions [3, 23] sin cambiar automaticamente sus claves.",La propuesta se limita al elemento identificado; no autoriza cambios globales.,Media,PENDIENTE / NO EJECUTADO
5,"Gastronomía, mención Cocina",47,"Servicio de comedores, bares y salones","questions: indices [0, 20]",Pregunta final,Duplicacion exacta de tarea y evidencia,Requiere contraste especializado,,"Mismos enunciado, contexto, alternativas, imagen, tabla y estimulo en indices [0, 20].","Mismos enunciado, contexto, alternativas, imagen, tabla y estimulo en indices [0, 20].",Por determinar,"Confirmar si la repeticion es intencional; si no, diferenciar las tareas questions [0, 20] sin cambiar automaticamente sus claves.",La propuesta se limita al elemento identificado; no autoriza cambios globales.,Media,PENDIENTE / NO EJECUTADO
5,"Gastronomía, mención Cocina",49,Innovación y cocina internacional,"questions: indices [0, 20]",Pregunta final,Duplicacion exacta de tarea y evidencia,Requiere contraste especializado,,"Mismos enunciado, contexto, alternativas, imagen, tabla y estimulo en indices [0, 20].","Mismos enunciado, contexto, alternativas, imagen, tabla y estimulo en indices [0, 20].",Por determinar,"Confirmar si la repeticion es intencional; si no, diferenciar las tareas questions [0, 20] sin cambiar automaticamente sus claves.",La propuesta se limita al elemento identificado; no autoriza cambios globales.,Media,PENDIENTE / NO EJECUTADO
5,"Gastronomía, mención Cocina",49,Innovación y cocina internacional,"questions: indices [3, 23]",Pregunta final,Duplicacion exacta de tarea y evidencia,Requiere contraste especializado,,"Mismos enunciado, contexto, alternativas, imagen, tabla y estimulo en indices [3, 23].","Mismos enunciado, contexto, alternativas, imagen, tabla y estimulo en indices [3, 23].",Por determinar,"Confirmar si la repeticion es intencional; si no, diferenciar las tareas questions [3, 23] sin cambiar automaticamente sus claves.",La propuesta se limita al elemento identificado; no autoriza cambios globales.,Media,PENDIENTE / NO EJECUTADO
5,"Gastronomía, mención Cocina",51,Elaboración de menús y carta,"questions: indices [1, 21]",Pregunta final,Duplicacion exacta de tarea y evidencia,Requiere contraste especializado,,"Mismos enunciado, contexto, alternativas, imagen, tabla y estimulo en indices [1, 21].","Mismos enunciado, contexto, alternativas, imagen, tabla y estimulo en indices [1, 21].",Por determinar,"Confirmar si la repeticion es intencional; si no, diferenciar las tareas questions [1, 21] sin cambiar automaticamente sus claves.",La propuesta se limita al elemento identificado; no autoriza cambios globales.,Media,PENDIENTE / NO EJECUTADO
5,"Gastronomía, mención Cocina",51,Elaboración de menús y carta,"questions: indices [3, 23]",Pregunta final,Duplicacion exacta de tarea y evidencia,Requiere contraste especializado,,"Mismos enunciado, contexto, alternativas, imagen, tabla y estimulo en indices [3, 23].","Mismos enunciado, contexto, alternativas, imagen, tabla y estimulo en indices [3, 23].",Por determinar,"Confirmar si la repeticion es intencional; si no, diferenciar las tareas questions [3, 23] sin cambiar automaticamente sus claves.",La propuesta se limita al elemento identificado; no autoriza cambios globales.,Media,PENDIENTE / NO EJECUTADO
6,"Gastronomía, mención Pastelería y Repostería",53,Higiene para la elaboración de alimentos,"questions: indices [3, 23]",Pregunta final,Duplicacion exacta de tarea y evidencia,Requiere contraste especializado,,"Mismos enunciado, contexto, alternativas, imagen, tabla y estimulo en indices [3, 23].","Mismos enunciado, contexto, alternativas, imagen, tabla y estimulo en indices [3, 23].",Por determinar,"Confirmar si la repeticion es intencional; si no, diferenciar las tareas questions [3, 23] sin cambiar automaticamente sus claves.",La propuesta se limita al elemento identificado; no autoriza cambios globales.,Media,PENDIENTE / NO EJECUTADO
6,"Gastronomía, mención Pastelería y Repostería",58,"Servicio de comedores, bares y salones","questions: indices [0, 20]",Pregunta final,Duplicacion exacta de tarea y evidencia,Requiere contraste especializado,,"Mismos enunciado, contexto, alternativas, imagen, tabla y estimulo en indices [0, 20].","Mismos enunciado, contexto, alternativas, imagen, tabla y estimulo en indices [0, 20].",Por determinar,"Confirmar si la repeticion es intencional; si no, diferenciar las tareas questions [0, 20] sin cambiar automaticamente sus claves.",La propuesta se limita al elemento identificado; no autoriza cambios globales.,Media,PENDIENTE / NO EJECUTADO
6,"Gastronomía, mención Pastelería y Repostería",59,Elaboración de masas y pastas,"questions: indices [1, 21]",Pregunta final,Duplicacion exacta de tarea y evidencia,Requiere contraste especializado,,"Mismos enunciado, contexto, alternativas, imagen, tabla y estimulo en indices [1, 21].","Mismos enunciado, contexto, alternativas, imagen, tabla y estimulo en indices [1, 21].",Por determinar,"Confirmar si la repeticion es intencional; si no, diferenciar las tareas questions [1, 21] sin cambiar automaticamente sus claves.",La propuesta se limita al elemento identificado; no autoriza cambios globales.,Media,PENDIENTE / NO EJECUTADO
6,"Gastronomía, mención Pastelería y Repostería",59,Elaboración de masas y pastas,"questions: indices [3, 23]",Pregunta final,Duplicacion exacta de tarea y evidencia,Requiere contraste especializado,,"Mismos enunciado, contexto, alternativas, imagen, tabla y estimulo en indices [3, 23].","Mismos enunciado, contexto, alternativas, imagen, tabla y estimulo en indices [3, 23].",Por determinar,"Confirmar si la repeticion es intencional; si no, diferenciar las tareas questions [3, 23] sin cambiar automaticamente sus claves.",La propuesta se limita al elemento identificado; no autoriza cambios globales.,Media,PENDIENTE / NO EJECUTADO
6,"Gastronomía, mención Pastelería y Repostería",60,Elaboración de productos de repostería,"questions: indices [1, 21]",Pregunta final,Duplicacion exacta de tarea y evidencia,Requiere contraste especializado,,"Mismos enunciado, contexto, alternativas, imagen, tabla y estimulo en indices [1, 21].","Mismos enunciado, contexto, alternativas, imagen, tabla y estimulo en indices [1, 21].",Por determinar,"Confirmar si la repeticion es intencional; si no, diferenciar las tareas questions [1, 21] sin cambiar automaticamente sus claves.",La propuesta se limita al elemento identificado; no autoriza cambios globales.,Media,PENDIENTE / NO EJECUTADO
6,"Gastronomía, mención Pastelería y Repostería",60,Elaboración de productos de repostería,"questions: indices [3, 23]",Pregunta final,Duplicacion exacta de tarea y evidencia,Requiere contraste especializado,,"Mismos enunciado, contexto, alternativas, imagen, tabla y estimulo en indices [3, 23].","Mismos enunciado, contexto, alternativas, imagen, tabla y estimulo en indices [3, 23].",Por determinar,"Confirmar si la repeticion es intencional; si no, diferenciar las tareas questions [3, 23] sin cambiar automaticamente sus claves.",La propuesta se limita al elemento identificado; no autoriza cambios globales.,Media,PENDIENTE / NO EJECUTADO
6,"Gastronomía, mención Pastelería y Repostería",61,Elaboración de productos de pastelería,"questions: indices [1, 21]",Pregunta final,Duplicacion exacta de tarea y evidencia,Requiere contraste especializado,,"Mismos enunciado, contexto, alternativas, imagen, tabla y estimulo en indices [1, 21].","Mismos enunciado, contexto, alternativas, imagen, tabla y estimulo en indices [1, 21].",Por determinar,"Confirmar si la repeticion es intencional; si no, diferenciar las tareas questions [1, 21] sin cambiar automaticamente sus claves.",La propuesta se limita al elemento identificado; no autoriza cambios globales.,Media,PENDIENTE / NO EJECUTADO
6,"Gastronomía, mención Pastelería y Repostería",62,Innovación en la pastelería y repostería,"questions: indices [0, 20]",Pregunta final,Duplicacion exacta de tarea y evidencia,Requiere contraste especializado,,"Mismos enunciado, contexto, alternativas, imagen, tabla y estimulo en indices [0, 20].","Mismos enunciado, contexto, alternativas, imagen, tabla y estimulo en indices [0, 20].",Por determinar,"Confirmar si la repeticion es intencional; si no, diferenciar las tareas questions [0, 20] sin cambiar automaticamente sus claves.",La propuesta se limita al elemento identificado; no autoriza cambios globales.,Media,PENDIENTE / NO EJECUTADO
6,"Gastronomía, mención Pastelería y Repostería",62,Innovación en la pastelería y repostería,"questions: indices [1, 21]",Pregunta final,Duplicacion exacta de tarea y evidencia,Requiere contraste especializado,,"Mismos enunciado, contexto, alternativas, imagen, tabla y estimulo en indices [1, 21].","Mismos enunciado, contexto, alternativas, imagen, tabla y estimulo en indices [1, 21].",Por determinar,"Confirmar si la repeticion es intencional; si no, diferenciar las tareas questions [1, 21] sin cambiar automaticamente sus claves.",La propuesta se limita al elemento identificado; no autoriza cambios globales.,Media,PENDIENTE / NO EJECUTADO
6,"Gastronomía, mención Pastelería y Repostería",62,Innovación en la pastelería y repostería,"questions: indices [3, 23]",Pregunta final,Duplicacion exacta de tarea y evidencia,Requiere contraste especializado,,"Mismos enunciado, contexto, alternativas, imagen, tabla y estimulo en indices [3, 23].","Mismos enunciado, contexto, alternativas, imagen, tabla y estimulo en indices [3, 23].",Por determinar,"Confirmar si la repeticion es intencional; si no, diferenciar las tareas questions [3, 23] sin cambiar automaticamente sus claves.",La propuesta se limita al elemento identificado; no autoriza cambios globales.,Media,PENDIENTE / NO EJECUTADO
7,Servicios de Hotelería,64,Atención al cliente en servicios de hotelería,"questions: indices [1, 21]",Pregunta final,Duplicacion exacta de tarea y evidencia,Requiere contraste especializado,,"Mismos enunciado, contexto, alternativas, imagen, tabla y estimulo en indices [1, 21].","Mismos enunciado, contexto, alternativas, imagen, tabla y estimulo en indices [1, 21].",Por determinar,"Confirmar si la repeticion es intencional; si no, diferenciar las tareas questions [1, 21] sin cambiar automaticamente sus claves.",La propuesta se limita al elemento identificado; no autoriza cambios globales.,Media,PENDIENTE / NO EJECUTADO
7,Servicios de Hotelería,65,Servicio de habitaciones,"questions: indices [0, 20]",Pregunta final,Duplicacion exacta de tarea y evidencia,Requiere contraste especializado,,"Mismos enunciado, contexto, alternativas, imagen, tabla y estimulo en indices [0, 20].","Mismos enunciado, contexto, alternativas, imagen, tabla y estimulo en indices [0, 20].",Por determinar,"Confirmar si la repeticion es intencional; si no, diferenciar las tareas questions [0, 20] sin cambiar automaticamente sus claves.",La propuesta se limita al elemento identificado; no autoriza cambios globales.,Media,PENDIENTE / NO EJECUTADO
7,Servicios de Hotelería,65,Servicio de habitaciones,"questions: indices [3, 23]",Pregunta final,Duplicacion exacta de tarea y evidencia,Requiere contraste especializado,,"Mismos enunciado, contexto, alternativas, imagen, tabla y estimulo en indices [3, 23].","Mismos enunciado, contexto, alternativas, imagen, tabla y estimulo en indices [3, 23].",Por determinar,"Confirmar si la repeticion es intencional; si no, diferenciar las tareas questions [3, 23] sin cambiar automaticamente sus claves.",La propuesta se limita al elemento identificado; no autoriza cambios globales.,Media,PENDIENTE / NO EJECUTADO
7,Servicios de Hotelería,66,Actividades recreativas y de animación,"questions: indices [1, 21]",Pregunta final,Duplicacion exacta de tarea y evidencia,Requiere contraste especializado,,"Mismos enunciado, contexto, alternativas, imagen, tabla y estimulo en indices [1, 21].","Mismos enunciado, contexto, alternativas, imagen, tabla y estimulo en indices [1, 21].",Por determinar,"Confirmar si la repeticion es intencional; si no, diferenciar las tareas questions [1, 21] sin cambiar automaticamente sus claves.",La propuesta se limita al elemento identificado; no autoriza cambios globales.,Media,PENDIENTE / NO EJECUTADO
7,Servicios de Hotelería,66,Actividades recreativas y de animación,"questions: indices [3, 23]",Pregunta final,Duplicacion exacta de tarea y evidencia,Requiere contraste especializado,,"Mismos enunciado, contexto, alternativas, imagen, tabla y estimulo en indices [3, 23].","Mismos enunciado, contexto, alternativas, imagen, tabla y estimulo en indices [3, 23].",Por determinar,"Confirmar si la repeticion es intencional; si no, diferenciar las tareas questions [3, 23] sin cambiar automaticamente sus claves.",La propuesta se limita al elemento identificado; no autoriza cambios globales.,Media,PENDIENTE / NO EJECUTADO
7,Servicios de Hotelería,67,Servicio de eventos,"questions: indices [0, 20]",Pregunta final,Duplicacion exacta de tarea y evidencia,Requiere contraste especializado,,"Mismos enunciado, contexto, alternativas, imagen, tabla y estimulo en indices [0, 20].","Mismos enunciado, contexto, alternativas, imagen, tabla y estimulo en indices [0, 20].",Por determinar,"Confirmar si la repeticion es intencional; si no, diferenciar las tareas questions [0, 20] sin cambiar automaticamente sus claves.",La propuesta se limita al elemento identificado; no autoriza cambios globales.,Media,PENDIENTE / NO EJECUTADO
7,Servicios de Hotelería,67,Servicio de eventos,"questions: indices [1, 21]",Pregunta final,Duplicacion exacta de tarea y evidencia,Requiere contraste especializado,,"Mismos enunciado, contexto, alternativas, imagen, tabla y estimulo en indices [1, 21].","Mismos enunciado, contexto, alternativas, imagen, tabla y estimulo en indices [1, 21].",Por determinar,"Confirmar si la repeticion es intencional; si no, diferenciar las tareas questions [1, 21] sin cambiar automaticamente sus claves.",La propuesta se limita al elemento identificado; no autoriza cambios globales.,Media,PENDIENTE / NO EJECUTADO
7,Servicios de Hotelería,67,Servicio de eventos,"questions: indices [3, 23]",Pregunta final,Duplicacion exacta de tarea y evidencia,Requiere contraste especializado,,"Mismos enunciado, contexto, alternativas, imagen, tabla y estimulo en indices [3, 23].","Mismos enunciado, contexto, alternativas, imagen, tabla y estimulo en indices [3, 23].",Por determinar,"Confirmar si la repeticion es intencional; si no, diferenciar las tareas questions [3, 23] sin cambiar automaticamente sus claves.",La propuesta se limita al elemento identificado; no autoriza cambios globales.,Media,PENDIENTE / NO EJECUTADO
7,Servicios de Hotelería,70,Servicio de recepción y reservas,"questions: indices [0, 20]",Pregunta final,Duplicacion exacta de tarea y evidencia,Requiere contraste especializado,,"Mismos enunciado, contexto, alternativas, imagen, tabla y estimulo en indices [0, 20].","Mismos enunciado, contexto, alternativas, imagen, tabla y estimulo en indices [0, 20].",Por determinar,"Confirmar si la repeticion es intencional; si no, diferenciar las tareas questions [0, 20] sin cambiar automaticamente sus claves.",La propuesta se limita al elemento identificado; no autoriza cambios globales.,Media,PENDIENTE / NO EJECUTADO
7,Servicios de Hotelería,70,Servicio de recepción y reservas,"questions: indices [1, 21]",Pregunta final,Duplicacion exacta de tarea y evidencia,Requiere contraste especializado,,"Mismos enunciado, contexto, alternativas, imagen, tabla y estimulo en indices [1, 21].","Mismos enunciado, contexto, alternativas, imagen, tabla y estimulo en indices [1, 21].",Por determinar,"Confirmar si la repeticion es intencional; si no, diferenciar las tareas questions [1, 21] sin cambiar automaticamente sus claves.",La propuesta se limita al elemento identificado; no autoriza cambios globales.,Media,PENDIENTE / NO EJECUTADO
7,Servicios de Hotelería,70,Servicio de recepción y reservas,"questions: indices [3, 23]",Pregunta final,Duplicacion exacta de tarea y evidencia,Requiere contraste especializado,,"Mismos enunciado, contexto, alternativas, imagen, tabla y estimulo en indices [3, 23].","Mismos enunciado, contexto, alternativas, imagen, tabla y estimulo en indices [3, 23].",Por determinar,"Confirmar si la repeticion es intencional; si no, diferenciar las tareas questions [3, 23] sin cambiar automaticamente sus claves.",La propuesta se limita al elemento identificado; no autoriza cambios globales.,Media,PENDIENTE / NO EJECUTADO
7,Servicios de Hotelería,71,Servicio de coctelería y vinos,"questions: indices [1, 21]",Pregunta final,Duplicacion exacta de tarea y evidencia,Requiere contraste especializado,,"Mismos enunciado, contexto, alternativas, imagen, tabla y estimulo en indices [1, 21].","Mismos enunciado, contexto, alternativas, imagen, tabla y estimulo en indices [1, 21].",Por determinar,"Confirmar si la repeticion es intencional; si no, diferenciar las tareas questions [1, 21] sin cambiar automaticamente sus claves.",La propuesta se limita al elemento identificado; no autoriza cambios globales.,Media,PENDIENTE / NO EJECUTADO
7,Servicios de Hotelería,71,Servicio de coctelería y vinos,"questions: indices [3, 23]",Pregunta final,Duplicacion exacta de tarea y evidencia,Requiere contraste especializado,,"Mismos enunciado, contexto, alternativas, imagen, tabla y estimulo en indices [3, 23].","Mismos enunciado, contexto, alternativas, imagen, tabla y estimulo en indices [3, 23].",Por determinar,"Confirmar si la repeticion es intencional; si no, diferenciar las tareas questions [3, 23] sin cambiar automaticamente sus claves.",La propuesta se limita al elemento identificado; no autoriza cambios globales.,Media,PENDIENTE / NO EJECUTADO
