avance,ticket,curso,experto,modulos,IC,IT,IP,IE,IAP,IA,IUX,IF,IM,ITR,IGC_TP_inicial,criticos_verificados,altos,medios,bajos,dictamen,mejoras_a_realizar,cambios_realizados
1/45,ATP-360-01,Refrigeración y Climatización,Especialista HVAC y refrigeración,9,97.0,92.7,100.0,96.6,97.2,95.2,100.0,100.0,93.6,98.3,97.1,0,0,0,10,CURSO NO CERRADO,"Validación por especialista hvac y refrigeración en carga térmica, vacío, refrigerantes, medición y seguridad ambiental; agregar páginas exactas, Perfil de Egreso y OAG; reemplazar distractores obvios por errores profesionales plausibles y feedback por alternativa; convertir la práctica y los recursos 3D declarativos en interacción técnica auténtica; probar WCAG, responsive y tiempos con usuarios.",☐ Pendiente de autorización
2/45,ATP-360-02,Electricidad,Especialista eléctrico SEC,9,97.0,99.7,100.0,99.5,97.2,95.2,100.0,100.0,100.0,98.3,98.7,0,0,0,6,CURSO NO CERRADO,"Validación por especialista eléctrico sec en RIC, bloqueo, mediciones y trabajo seguro con circuitos; agregar páginas exactas, Perfil de Egreso y OAG; reemplazar distractores obvios por errores profesionales plausibles y feedback por alternativa; convertir la práctica y los recursos 3D declarativos en interacción técnica auténtica; probar WCAG, responsive y tiempos con usuarios.",☐ Pendiente de autorización
3/45,ATP-360-03,"Atención de Enfermería, mención Adulto Mayor",Enfermera gerontológica,13,97.0,92.8,100.0,99.7,97.2,95.2,100.0,100.0,100.0,98.4,98.0,0,0,0,8,CURSO NO CERRADO,"Validación por enfermera gerontológica en cuidados, dignidad, movilidad, farmacovigilancia y adulto mayor; agregar páginas exactas, Perfil de Egreso y OAG; reemplazar distractores obvios por errores profesionales plausibles y feedback por alternativa; convertir la práctica y los recursos 3D declarativos en interacción técnica auténtica; probar WCAG, responsive y tiempos con usuarios.",☐ Pendiente de autorización
4/45,ATP-360-04,"Atención de Enfermería, mención Enfermería",Enfermera clínica,10,97.0,92.8,100.0,99.5,97.2,95.2,100.0,100.0,100.0,98.3,98.0,0,0,0,8,CURSO NO CERRADO,"Validación por enfermera clínica en procedimientos clínicos, control de infecciones y seguridad del paciente; agregar páginas exactas, Perfil de Egreso y OAG; reemplazar distractores obvios por errores profesionales plausibles y feedback por alternativa; convertir la práctica y los recursos 3D declarativos en interacción técnica auténtica; probar WCAG, responsive y tiempos con usuarios.",☐ Pendiente de autorización
5/45,ATP-360-05,"Gastronomía, mención Cocina",Chef y especialista en inocuidad,11,97.0,92.8,100.0,100.0,97.2,95.2,100.0,100.0,85.7,98.3,96.6,0,0,0,7,CURSO NO CERRADO,"Validación por chef y especialista en inocuidad en mise en place, cocción, inocuidad, alérgenos y control de procesos; agregar páginas exactas, Perfil de Egreso y OAG; reemplazar distractores obvios por errores profesionales plausibles y feedback por alternativa; convertir la práctica y los recursos 3D declarativos en interacción técnica auténtica; probar WCAG, responsive y tiempos con usuarios.",☐ Pendiente de autorización
6/45,ATP-360-06,"Gastronomía, mención Pastelería y Repostería",Maestro pastelero,11,97.0,92.8,100.0,100.0,97.2,95.2,100.0,100.0,85.7,98.3,96.6,0,0,0,7,CURSO NO CERRADO,"Validación por maestro pastelero en formulación, pesaje, temperatura, textura e inocuidad; agregar páginas exactas, Perfil de Egreso y OAG; reemplazar distractores obvios por errores profesionales plausibles y feedback por alternativa; convertir la práctica y los recursos 3D declarativos en interacción técnica auténtica; probar WCAG, responsive y tiempos con usuarios.",☐ Pendiente de autorización
7/45,ATP-360-07,Servicios de Hotelería,Especialista en operación hotelera,10,97.0,92.8,100.0,100.0,97.2,95.2,100.0,100.0,85.7,98.3,96.6,0,0,0,7,CURSO NO CERRADO,"Validación por especialista en operación hotelera en recepción, habitaciones, reservas, servicio y protocolos de hospitalidad; agregar páginas exactas, Perfil de Egreso y OAG; reemplazar distractores obvios por errores profesionales plausibles y feedback por alternativa; convertir la práctica y los recursos 3D declarativos en interacción técnica auténtica; probar WCAG, responsive y tiempos con usuarios.",☐ Pendiente de autorización
8/45,ATP-360-08,Contabilidad,Contador auditor,10,97.0,92.8,100.0,100.0,97.2,95.2,100.0,100.0,100.0,98.3,98.0,0,0,0,6,CURSO NO CERRADO,"Validación por contador auditor en registro, conciliación, tributación y trazabilidad documental; agregar páginas exactas, Perfil de Egreso y OAG; reemplazar distractores obvios por errores profesionales plausibles y feedback por alternativa; convertir la práctica y los recursos 3D declarativos en interacción técnica auténtica; probar WCAG, responsive y tiempos con usuarios.",☐ Pendiente de autorización
9/45,ATP-360-09,Elaboración Industrial de Alimentos,Ingeniero en alimentos,9,97.0,92.7,100.0,100.0,97.2,95.2,100.0,100.0,85.7,98.3,96.6,0,0,0,7,CURSO NO CERRADO,"Validación por ingeniero en alimentos en HACCP, operaciones unitarias, control de calidad e inocuidad; agregar páginas exactas, Perfil de Egreso y OAG; reemplazar distractores obvios por errores profesionales plausibles y feedback por alternativa; convertir la práctica y los recursos 3D declarativos en interacción técnica auténtica; probar WCAG, responsive y tiempos con usuarios.",☐ Pendiente de autorización
10/45,ATP-360-10,Vestuario y Confección Textil,Especialista textil y confección,10,97.0,92.8,100.0,100.0,97.2,95.2,100.0,100.0,85.7,98.3,96.6,0,0,0,7,CURSO NO CERRADO,"Validación por especialista textil y confección en patronaje, corte, confección, tolerancias y control de calidad; agregar páginas exactas, Perfil de Egreso y OAG; reemplazar distractores obvios por errores profesionales plausibles y feedback por alternativa; convertir la práctica y los recursos 3D declarativos en interacción técnica auténtica; probar WCAG, responsive y tiempos con usuarios.",☐ Pendiente de autorización
11/45,ATP-360-11,Instalaciones Sanitarias,Instalador sanitario,10,97.0,92.8,100.0,100.0,97.2,95.2,100.0,100.0,85.7,98.3,96.6,0,0,0,7,CURSO NO CERRADO,"Validación por instalador sanitario en trazado, pendientes, pruebas, uniones y normativa sanitaria; agregar páginas exactas, Perfil de Egreso y OAG; reemplazar distractores obvios por errores profesionales plausibles y feedback por alternativa; convertir la práctica y los recursos 3D declarativos en interacción técnica auténtica; probar WCAG, responsive y tiempos con usuarios.",☐ Pendiente de autorización
12/45,ATP-360-12,Montaje Industrial,Especialista en montaje industrial,9,97.0,92.7,100.0,100.0,97.2,95.2,100.0,100.0,85.7,98.3,96.6,0,0,0,7,CURSO NO CERRADO,"Validación por especialista en montaje industrial en izaje, alineación, torque, montaje y prevención de riesgos; agregar páginas exactas, Perfil de Egreso y OAG; reemplazar distractores obvios por errores profesionales plausibles y feedback por alternativa; convertir la práctica y los recursos 3D declarativos en interacción técnica auténtica; probar WCAG, responsive y tiempos con usuarios.",☐ Pendiente de autorización
13/45,ATP-360-13,Electrónica,Ingeniero electrónico,10,97.0,92.8,100.0,100.0,97.2,95.2,100.0,100.0,85.7,98.3,96.6,0,0,0,7,CURSO NO CERRADO,"Validación por ingeniero electrónico en medición, diagnóstico, montaje, instrumentación y seguridad electrónica; agregar páginas exactas, Perfil de Egreso y OAG; reemplazar distractores obvios por errores profesionales plausibles y feedback por alternativa; convertir la práctica y los recursos 3D declarativos en interacción técnica auténtica; probar WCAG, responsive y tiempos con usuarios.",☐ Pendiente de autorización
14/45,ATP-360-14,Dibujo Técnico,Proyectista de dibujo técnico,11,97.0,92.8,100.0,100.0,97.2,95.2,100.0,100.0,85.7,98.3,96.6,0,0,0,7,CURSO NO CERRADO,"Validación por proyectista de dibujo técnico en normalización, escala, acotación, CAD e interpretación de planos; agregar páginas exactas, Perfil de Egreso y OAG; reemplazar distractores obvios por errores profesionales plausibles y feedback por alternativa; convertir la práctica y los recursos 3D declarativos en interacción técnica auténtica; probar WCAG, responsive y tiempos con usuarios.",☐ Pendiente de autorización
15/45,ATP-360-15,Gráfica,Diseñador gráfico de producción,9,97.0,92.7,100.0,100.0,97.2,95.2,100.0,100.0,85.7,98.3,96.6,0,0,0,7,CURSO NO CERRADO,"Validación por diseñador gráfico de producción en preprensa, color, sustratos, impresión y terminaciones; agregar páginas exactas, Perfil de Egreso y OAG; reemplazar distractores obvios por errores profesionales plausibles y feedback por alternativa; convertir la práctica y los recursos 3D declarativos en interacción técnica auténtica; probar WCAG, responsive y tiempos con usuarios.",☐ Pendiente de autorización
16/45,ATP-360-16,Servicios de Turismo,Especialista en turismo,10,97.0,92.8,100.0,100.0,97.2,95.2,100.0,100.0,85.7,98.3,96.6,0,0,0,7,CURSO NO CERRADO,"Validación por especialista en turismo en diseño de experiencias, guiado, patrimonio, seguridad y servicio; agregar páginas exactas, Perfil de Egreso y OAG; reemplazar distractores obvios por errores profesionales plausibles y feedback por alternativa; convertir la práctica y los recursos 3D declarativos en interacción técnica auténtica; probar WCAG, responsive y tiempos con usuarios.",☐ Pendiente de autorización
17/45,ATP-360-17,Forestal,Ingeniero forestal,9,97.0,92.7,100.0,100.0,97.2,95.2,100.0,100.0,85.7,98.3,96.6,0,0,0,7,CURSO NO CERRADO,"Validación por ingeniero forestal en silvicultura, medición, cosecha, ambiente y prevención; agregar páginas exactas, Perfil de Egreso y OAG; reemplazar distractores obvios por errores profesionales plausibles y feedback por alternativa; convertir la práctica y los recursos 3D declarativos en interacción técnica auténtica; probar WCAG, responsive y tiempos con usuarios.",☐ Pendiente de autorización
18/45,ATP-360-18,Muebles y Terminaciones en Madera,Maestro mueblista,10,97.0,92.8,100.0,100.0,97.2,95.2,100.0,100.0,85.7,98.3,96.6,0,0,0,7,CURSO NO CERRADO,"Validación por maestro mueblista en diseño, mecanizado, ensamble, terminación y seguridad de taller; agregar páginas exactas, Perfil de Egreso y OAG; reemplazar distractores obvios por errores profesionales plausibles y feedback por alternativa; convertir la práctica y los recursos 3D declarativos en interacción técnica auténtica; probar WCAG, responsive y tiempos con usuarios.",☐ Pendiente de autorización
19/45,ATP-360-19,Acuicultura,Especialista en acuicultura,9,97.0,92.7,100.0,100.0,97.2,95.2,100.0,100.0,85.7,98.3,96.6,0,0,0,7,CURSO NO CERRADO,"Validación por especialista en acuicultura en calidad de agua, alimentación, sanidad, biomasa y bioseguridad; agregar páginas exactas, Perfil de Egreso y OAG; reemplazar distractores obvios por errores profesionales plausibles y feedback por alternativa; convertir la práctica y los recursos 3D declarativos en interacción técnica auténtica; probar WCAG, responsive y tiempos con usuarios.",☐ Pendiente de autorización
20/45,ATP-360-20,Operaciones Portuarias,Especialista en operaciones portuarias,9,97.0,92.7,100.0,100.0,97.2,95.2,100.0,100.0,85.7,98.3,96.6,0,0,0,7,CURSO NO CERRADO,"Validación por especialista en operaciones portuarias en carga, estiba, equipos, documentación y seguridad portuaria; agregar páginas exactas, Perfil de Egreso y OAG; reemplazar distractores obvios por errores profesionales plausibles y feedback por alternativa; convertir la práctica y los recursos 3D declarativos en interacción técnica auténtica; probar WCAG, responsive y tiempos con usuarios.",☐ Pendiente de autorización
21/45,ATP-360-21,Pesquería,Especialista pesquero,9,97.0,92.7,100.0,100.0,97.2,95.2,100.0,100.0,85.7,98.3,96.6,0,0,0,7,CURSO NO CERRADO,"Validación por especialista pesquero en captura, conservación, procesamiento, normativa y seguridad marítima; agregar páginas exactas, Perfil de Egreso y OAG; reemplazar distractores obvios por errores profesionales plausibles y feedback por alternativa; convertir la práctica y los recursos 3D declarativos en interacción técnica auténtica; probar WCAG, responsive y tiempos con usuarios.",☐ Pendiente de autorización
22/45,ATP-360-22,Tripulación de Naves Mercantes y Especiales,Oficial de marina mercante,9,96.7,92.7,100.0,100.0,97.2,95.2,100.0,100.0,85.7,98.1,96.6,0,0,0,7,CURSO NO CERRADO,"Validación por oficial de marina mercante en navegación, cubierta, emergencia, comunicaciones y normativa marítima; agregar páginas exactas, Perfil de Egreso y OAG; reemplazar distractores obvios por errores profesionales plausibles y feedback por alternativa; convertir la práctica y los recursos 3D declarativos en interacción técnica auténtica; probar WCAG, responsive y tiempos con usuarios.",☐ Pendiente de autorización
23/45,ATP-360-23,Construcciones Metálicas,Especialista en construcciones metálicas y soldadura,9,96.2,92.7,99.8,100.0,97.2,95.2,100.0,100.0,85.7,97.9,96.5,0,0,0,9,CURSO NO CERRADO,"Validación por especialista en construcciones metálicas y soldadura en trazado, corte, soldadura, inspección y seguridad; agregar páginas exactas, Perfil de Egreso y OAG; reemplazar distractores obvios por errores profesionales plausibles y feedback por alternativa; convertir la práctica y los recursos 3D declarativos en interacción técnica auténtica; probar WCAG, responsive y tiempos con usuarios.",☐ Pendiente de autorización
24/45,ATP-360-24,Mecánica Automotriz,Técnico automotriz,10,97.0,92.8,100.0,100.0,97.2,95.2,100.0,100.0,85.7,98.3,96.6,0,0,0,7,CURSO NO CERRADO,"Validación por técnico automotriz en diagnóstico, mantenimiento, sistemas vehiculares y seguridad; agregar páginas exactas, Perfil de Egreso y OAG; reemplazar distractores obvios por errores profesionales plausibles y feedback por alternativa; convertir la práctica y los recursos 3D declarativos en interacción técnica auténtica; probar WCAG, responsive y tiempos con usuarios.",☐ Pendiente de autorización
25/45,ATP-360-25,Mecánica de Mantenimiento de Aeronaves,Técnico de mantenimiento aeronáutico,11,96.8,92.8,100.0,100.0,97.2,95.2,100.0,100.0,85.7,98.2,96.6,0,0,0,7,CURSO NO CERRADO,"Validación por técnico de mantenimiento aeronáutico en aeronavegabilidad, mantenimiento, documentación y factores humanos; agregar páginas exactas, Perfil de Egreso y OAG; reemplazar distractores obvios por errores profesionales plausibles y feedback por alternativa; convertir la práctica y los recursos 3D declarativos en interacción técnica auténtica; probar WCAG, responsive y tiempos con usuarios.",☐ Pendiente de autorización
26/45,ATP-360-26,Asistencia en Geología,Geólogo de operaciones,9,97.0,92.7,100.0,100.0,97.2,95.2,100.0,100.0,85.7,98.3,96.6,0,0,0,7,CURSO NO CERRADO,"Validación por geólogo de operaciones en muestreo, cartografía, sondaje, registro y seguridad en terreno; agregar páginas exactas, Perfil de Egreso y OAG; reemplazar distractores obvios por errores profesionales plausibles y feedback por alternativa; convertir la práctica y los recursos 3D declarativos en interacción técnica auténtica; probar WCAG, responsive y tiempos con usuarios.",☐ Pendiente de autorización
27/45,ATP-360-27,Explotación Minera,Especialista en explotación minera,9,97.0,92.7,100.0,100.0,97.2,95.2,100.0,100.0,85.7,98.3,96.6,0,0,0,7,CURSO NO CERRADO,"Validación por especialista en explotación minera en perforación, tronadura, carguío, transporte y seguridad minera; agregar páginas exactas, Perfil de Egreso y OAG; reemplazar distractores obvios por errores profesionales plausibles y feedback por alternativa; convertir la práctica y los recursos 3D declarativos en interacción técnica auténtica; probar WCAG, responsive y tiempos con usuarios.",☐ Pendiente de autorización
28/45,ATP-360-28,Metalurgia Extractiva,Ingeniero metalurgista,9,97.0,92.7,100.0,100.0,97.2,95.2,100.0,100.0,85.7,98.3,96.6,0,0,0,7,CURSO NO CERRADO,"Validación por ingeniero metalurgista en concentración, procesos, balance, control y seguridad metalúrgica; agregar páginas exactas, Perfil de Egreso y OAG; reemplazar distractores obvios por errores profesionales plausibles y feedback por alternativa; convertir la práctica y los recursos 3D declarativos en interacción técnica auténtica; probar WCAG, responsive y tiempos con usuarios.",☐ Pendiente de autorización
29/45,ATP-360-29,Atención de Párvulos,Educadora de párvulos,10,96.1,92.8,100.0,100.0,97.2,95.2,100.0,100.0,85.7,97.9,96.5,0,0,0,7,CURSO NO CERRADO,"Validación por educadora de párvulos en desarrollo infantil, mediación, inclusión, bienestar y protección; agregar páginas exactas, Perfil de Egreso y OAG; reemplazar distractores obvios por errores profesionales plausibles y feedback por alternativa; convertir la práctica y los recursos 3D declarativos en interacción técnica auténtica; probar WCAG, responsive y tiempos con usuarios.",☐ Pendiente de autorización
30/45,ATP-360-30,Conectividad y Redes,Ingeniero de redes,9,97.0,92.7,100.0,100.0,97.2,95.2,100.0,100.0,85.7,98.3,96.6,0,0,0,7,CURSO NO CERRADO,"Validación por ingeniero de redes en direccionamiento, switching, routing, ciberseguridad y diagnóstico; agregar páginas exactas, Perfil de Egreso y OAG; reemplazar distractores obvios por errores profesionales plausibles y feedback por alternativa; convertir la práctica y los recursos 3D declarativos en interacción técnica auténtica; probar WCAG, responsive y tiempos con usuarios.",☐ Pendiente de autorización
31/45,ATP-360-31,Programación,Ingeniero de software,9,97.0,92.7,100.0,100.0,97.2,95.2,100.0,100.0,85.7,98.3,96.6,0,0,0,7,CURSO NO CERRADO,"Validación por ingeniero de software en análisis, programación, pruebas, control de versiones y seguridad; agregar páginas exactas, Perfil de Egreso y OAG; reemplazar distractores obvios por errores profesionales plausibles y feedback por alternativa; convertir la práctica y los recursos 3D declarativos en interacción técnica auténtica; probar WCAG, responsive y tiempos con usuarios.",☐ Pendiente de autorización
32/45,ATP-360-32,Telecomunicaciones,Ingeniero en telecomunicaciones,10,97.0,92.8,100.0,100.0,97.2,95.2,100.0,100.0,85.7,98.3,96.6,0,0,0,7,CURSO NO CERRADO,"Validación por ingeniero en telecomunicaciones en radiofrecuencia, fibra, medición, configuración y normativa; agregar páginas exactas, Perfil de Egreso y OAG; reemplazar distractores obvios por errores profesionales plausibles y feedback por alternativa; convertir la práctica y los recursos 3D declarativos en interacción técnica auténtica; probar WCAG, responsive y tiempos con usuarios.",☐ Pendiente de autorización
33/45,ATP-360-33,"Administración, mención Logística",Especialista en logística,11,97.0,92.8,100.0,100.0,97.2,95.2,100.0,100.0,85.7,98.3,96.6,0,0,0,7,CURSO NO CERRADO,"Validación por especialista en logística en inventario, almacenamiento, transporte, trazabilidad y KPI; agregar páginas exactas, Perfil de Egreso y OAG; reemplazar distractores obvios por errores profesionales plausibles y feedback por alternativa; convertir la práctica y los recursos 3D declarativos en interacción técnica auténtica; probar WCAG, responsive y tiempos con usuarios.",☐ Pendiente de autorización
34/45,ATP-360-34,"Administración, mención Recursos Humanos",Especialista en recursos humanos,11,97.0,92.8,100.0,100.0,97.2,95.2,100.0,100.0,85.7,98.3,96.6,0,0,0,7,CURSO NO CERRADO,"Validación por especialista en recursos humanos en contratación, remuneraciones, documentación y normativa laboral; agregar páginas exactas, Perfil de Egreso y OAG; reemplazar distractores obvios por errores profesionales plausibles y feedback por alternativa; convertir la práctica y los recursos 3D declarativos en interacción técnica auténtica; probar WCAG, responsive y tiempos con usuarios.",☐ Pendiente de autorización
35/45,ATP-360-35,"Agropecuaria, mención Agricultura",Ingeniero agrónomo,10,97.0,92.8,100.0,100.0,97.2,95.2,100.0,100.0,85.7,98.3,96.6,0,0,0,7,CURSO NO CERRADO,"Validación por ingeniero agrónomo en suelo, riego, cultivos, maquinaria y seguridad agrícola; agregar páginas exactas, Perfil de Egreso y OAG; reemplazar distractores obvios por errores profesionales plausibles y feedback por alternativa; convertir la práctica y los recursos 3D declarativos en interacción técnica auténtica; probar WCAG, responsive y tiempos con usuarios.",☐ Pendiente de autorización
36/45,ATP-360-36,"Agropecuaria, mención Pecuaria",Especialista pecuario,11,97.0,92.8,100.0,100.0,97.2,95.2,100.0,100.0,85.7,98.3,96.6,0,0,0,7,CURSO NO CERRADO,"Validación por especialista pecuario en manejo animal, alimentación, sanidad, bienestar y bioseguridad; agregar páginas exactas, Perfil de Egreso y OAG; reemplazar distractores obvios por errores profesionales plausibles y feedback por alternativa; convertir la práctica y los recursos 3D declarativos en interacción técnica auténtica; probar WCAG, responsive y tiempos con usuarios.",☐ Pendiente de autorización
37/45,ATP-360-37,"Agropecuaria, mención Vitivinícola",Enólogo y especialista vitivinícola,11,97.0,92.8,100.0,100.0,97.2,95.2,100.0,100.0,85.7,98.3,96.6,0,0,0,7,CURSO NO CERRADO,"Validación por enólogo y especialista vitivinícola en viticultura, vinificación, laboratorio, calidad e inocuidad; agregar páginas exactas, Perfil de Egreso y OAG; reemplazar distractores obvios por errores profesionales plausibles y feedback por alternativa; convertir la práctica y los recursos 3D declarativos en interacción técnica auténtica; probar WCAG, responsive y tiempos con usuarios.",☐ Pendiente de autorización
38/45,ATP-360-38,"Construcción, mención Edificación",Constructor especialista en edificación,12,97.0,92.8,100.0,100.0,97.2,95.2,100.0,100.0,85.7,98.3,96.6,0,0,0,7,CURSO NO CERRADO,"Validación por constructor especialista en edificación en replanteo, obra gruesa, hormigón, calidad y seguridad; agregar páginas exactas, Perfil de Egreso y OAG; reemplazar distractores obvios por errores profesionales plausibles y feedback por alternativa; convertir la práctica y los recursos 3D declarativos en interacción técnica auténtica; probar WCAG, responsive y tiempos con usuarios.",☐ Pendiente de autorización
39/45,ATP-360-39,"Construcción, mención Terminaciones de la Construcción",Especialista en terminaciones,12,97.0,92.8,100.0,100.0,97.2,95.2,100.0,100.0,85.7,98.3,96.6,0,0,0,7,CURSO NO CERRADO,"Validación por especialista en terminaciones en revestimientos, pintura, tolerancias, calidad y seguridad; agregar páginas exactas, Perfil de Egreso y OAG; reemplazar distractores obvios por errores profesionales plausibles y feedback por alternativa; convertir la práctica y los recursos 3D declarativos en interacción técnica auténtica; probar WCAG, responsive y tiempos con usuarios.",☐ Pendiente de autorización
40/45,ATP-360-40,"Construcción, mención Obras Viales e Infraestructura",Especialista en obras viales,13,97.0,92.8,100.0,100.0,97.2,95.2,100.0,100.0,85.7,98.4,96.6,0,0,0,7,CURSO NO CERRADO,"Validación por especialista en obras viales en topografía, pavimentos, maquinaria, señalización y seguridad vial; agregar páginas exactas, Perfil de Egreso y OAG; reemplazar distractores obvios por errores profesionales plausibles y feedback por alternativa; convertir la práctica y los recursos 3D declarativos en interacción técnica auténtica; probar WCAG, responsive y tiempos con usuarios.",☐ Pendiente de autorización
41/45,ATP-360-41,"Química Industrial, mención Laboratorio Químico",Químico de laboratorio,10,96.7,92.8,100.0,100.0,97.2,95.2,100.0,100.0,85.7,98.2,96.6,0,0,0,7,CURSO NO CERRADO,"Validación por químico de laboratorio en muestreo, análisis, metrología, trazabilidad y seguridad química; agregar páginas exactas, Perfil de Egreso y OAG; reemplazar distractores obvios por errores profesionales plausibles y feedback por alternativa; convertir la práctica y los recursos 3D declarativos en interacción técnica auténtica; probar WCAG, responsive y tiempos con usuarios.",☐ Pendiente de autorización
42/45,ATP-360-42,"Química Industrial, mención Planta Química",Ingeniero de planta química,9,96.7,92.7,100.0,100.0,97.2,95.2,100.0,100.0,85.7,98.1,96.6,0,0,0,7,CURSO NO CERRADO,"Validación por ingeniero de planta química en operación, balances, control de proceso, emergencia y seguridad química; agregar páginas exactas, Perfil de Egreso y OAG; reemplazar distractores obvios por errores profesionales plausibles y feedback por alternativa; convertir la práctica y los recursos 3D declarativos en interacción técnica auténtica; probar WCAG, responsive y tiempos con usuarios.",☐ Pendiente de autorización
43/45,ATP-360-43,"Mecánica Industrial, mención Máquinas-Herramientas",Especialista en máquinas-herramientas,10,96.7,92.8,100.0,100.0,97.2,95.2,100.0,100.0,85.7,98.2,96.6,0,0,0,7,CURSO NO CERRADO,"Validación por especialista en máquinas-herramientas en mecanizado, metrología, tolerancias, CNC y seguridad; agregar páginas exactas, Perfil de Egreso y OAG; reemplazar distractores obvios por errores profesionales plausibles y feedback por alternativa; convertir la práctica y los recursos 3D declarativos en interacción técnica auténtica; probar WCAG, responsive y tiempos con usuarios.",☐ Pendiente de autorización
44/45,ATP-360-44,"Mecánica Industrial, mención Matricería",Especialista en matricería,10,97.0,92.8,100.0,100.0,97.2,95.2,100.0,100.0,85.7,98.3,96.6,0,0,0,7,CURSO NO CERRADO,"Validación por especialista en matricería en diseño de matrices, mecanizado, ajuste, prueba y seguridad; agregar páginas exactas, Perfil de Egreso y OAG; reemplazar distractores obvios por errores profesionales plausibles y feedback por alternativa; convertir la práctica y los recursos 3D declarativos en interacción técnica auténtica; probar WCAG, responsive y tiempos con usuarios.",☐ Pendiente de autorización
45/45,ATP-360-45,"Mecánica Industrial, mención Mantenimiento Electromecánico",Especialista en mantenimiento electromecánico,10,97.0,92.8,100.0,100.0,97.2,95.2,100.0,100.0,85.7,98.3,96.6,0,0,0,7,CURSO NO CERRADO,"Validación por especialista en mantenimiento electromecánico en mantenimiento, diagnóstico, montaje, control y seguridad electromecánica; agregar páginas exactas, Perfil de Egreso y OAG; reemplazar distractores obvios por errores profesionales plausibles y feedback por alternativa; convertir la práctica y los recursos 3D declarativos en interacción técnica auténtica; probar WCAG, responsive y tiempos con usuarios.",☐ Pendiente de autorización
