curso,modulo,preguntas,faciles,medias,dificiles,habilidades,formatos,distribucion_valida
Refrigeración y Climatización,Lectura de planos y cubicación de materiales de proyectos,25,3,12,10,7,20,True
Refrigeración y Climatización,Instrumentos de medición y de verificación,25,3,12,10,7,20,True
Refrigeración y Climatización,Instalación y montaje de redes de refrigeración y climatización,25,3,12,10,7,20,True
Refrigeración y Climatización,Instalación y montaje de equipos,25,3,12,10,7,20,True
Refrigeración y Climatización,Puesta en marcha de equipos de refrigeración y climatización,25,3,12,10,7,20,True
Refrigeración y Climatización,Diagnóstico en sistemas de refrigeración y climatización,25,3,12,10,7,20,True
Refrigeración y Climatización,Mantención de sistemas de refrigeración y climatización,25,3,12,10,7,20,True
Refrigeración y Climatización,Reciclaje y almacenamiento de refrigerantes,25,3,12,10,7,20,True
Refrigeración y Climatización,Emprendimiento y empleabilidad,25,3,12,10,7,20,True
Electricidad,Instalación de motores eléctricos y equipos de calefacción,25,3,12,10,7,20,True
Electricidad,Instalaciones eléctricas domiciliarias,25,3,12,10,7,20,True
Electricidad,Elaboración de proyectos eléctricos,25,3,12,10,7,20,True
Electricidad,"Mantenimiento de máquinas, equipos y sistemas eléctricos",25,3,12,10,7,20,True
Electricidad,Instalación de sistemas de control eléctrico industrial,25,3,12,10,7,20,True
Electricidad,Instalaciones eléctricas industriales,25,3,12,10,7,20,True
Electricidad,Instalación de equipos electrónicos de potencia,25,3,12,10,7,20,True
Electricidad,Automatización de sistemas eléctricos industriales,25,3,12,10,7,20,True
Electricidad,Emprendimiento y empleabilidad,25,3,12,10,7,20,True
"Atención de Enfermería, mención Adulto Mayor",Aplicación de cuidados básicos,25,3,12,10,7,20,True
"Atención de Enfermería, mención Adulto Mayor",Medición y control de parámetros básicos en salud,25,3,12,10,7,20,True
"Atención de Enfermería, mención Adulto Mayor",Promoción de la salud y prevención de la enfermedad,25,3,12,10,7,20,True
"Atención de Enfermería, mención Adulto Mayor",Higiene y bioseguridad del ambiente,25,3,12,10,7,20,True
"Atención de Enfermería, mención Adulto Mayor",Sistemas de registro e información en salud,25,3,12,10,7,20,True
"Atención de Enfermería, mención Adulto Mayor",Prevención y control de infecciones intrahospitalarias,25,3,12,10,7,20,True
"Atención de Enfermería, mención Adulto Mayor",Necesidades psicosociales del adulto mayor,25,3,12,10,7,20,True
"Atención de Enfermería, mención Adulto Mayor",Orientación familiar para el cuidado del adulto mayor,25,3,12,10,7,20,True
"Atención de Enfermería, mención Adulto Mayor",Alimentación y nutrición del adulto mayor,25,3,12,10,7,20,True
"Atención de Enfermería, mención Adulto Mayor",Atención de primeros auxilios del adulto mayor,25,3,12,10,7,20,True
"Atención de Enfermería, mención Adulto Mayor",Administración de medicamentos,25,3,12,10,7,20,True
"Atención de Enfermería, mención Adulto Mayor",Higiene y confort del adulto mayor,25,3,12,10,7,20,True
"Atención de Enfermería, mención Adulto Mayor",Emprendimiento y empleabilidad,25,3,12,10,7,20,True
"Atención de Enfermería, mención Enfermería",Aplicación de cuidados básicos,25,3,12,10,7,20,True
"Atención de Enfermería, mención Enfermería",Medición y control de parámetros básicos en salud,25,3,12,10,7,20,True
"Atención de Enfermería, mención Enfermería",Promoción de la salud y prevención de la enfermedad,25,3,12,10,7,20,True
"Atención de Enfermería, mención Enfermería",Higiene y bioseguridad del ambiente,25,3,12,10,7,20,True
"Atención de Enfermería, mención Enfermería",Sistemas de registro e información en salud,25,3,12,10,7,20,True
"Atención de Enfermería, mención Enfermería",Prevención y control de infecciones intrahospitalarias,25,3,12,10,7,20,True
"Atención de Enfermería, mención Enfermería",Técnicas básicas de enfermería y del Programa Nacional de Inmunizaciones,25,3,12,10,7,20,True
"Atención de Enfermería, mención Enfermería",Atención en servicios de urgencia y primeros auxilios,25,3,12,10,7,20,True
"Atención de Enfermería, mención Enfermería",Preparación del entorno clínico,25,3,12,10,7,20,True
"Atención de Enfermería, mención Enfermería",Emprendimiento y empleabilidad,25,3,12,10,7,20,True
"Gastronomía, mención Cocina",Higiene para la elaboración de alimentos,25,3,12,10,7,20,True
"Gastronomía, mención Cocina",Elaboración de alimentos de baja complejidad,25,3,12,10,7,20,True
"Gastronomía, mención Cocina",Recepción y almacenamiento de insumos,25,3,12,10,7,20,True
"Gastronomía, mención Cocina",Planificación de la producción gastronómica,25,3,12,10,7,20,True
"Gastronomía, mención Cocina","Preparación, diseño y montaje de buffet",25,3,12,10,7,20,True
"Gastronomía, mención Cocina","Servicio de comedores, bares y salones",25,3,12,10,7,20,True
"Gastronomía, mención Cocina",Cocina chilena,25,3,12,10,7,20,True
"Gastronomía, mención Cocina",Innovación y cocina internacional,25,3,12,10,7,20,True
"Gastronomía, mención Cocina",Elaboración de bebidas alcohólicas y analcohólicas,25,3,12,10,7,20,True
"Gastronomía, mención Cocina",Elaboración de menús y carta,25,3,12,10,7,20,True
"Gastronomía, mención Cocina",Emprendimiento y empleabilidad,25,3,12,10,7,20,True
"Gastronomía, mención Pastelería y Repostería",Higiene para la elaboración de alimentos,25,3,12,10,7,20,True
"Gastronomía, mención Pastelería y Repostería",Elaboración de alimentos de baja complejidad,25,3,12,10,7,20,True
"Gastronomía, mención Pastelería y Repostería",Recepción y almacenamiento de insumos,25,3,12,10,7,20,True
"Gastronomía, mención Pastelería y Repostería",Planificación de la producción gastronómica,25,3,12,10,7,20,True
"Gastronomía, mención Pastelería y Repostería","Preparación, diseño y montaje de buffet",25,3,12,10,7,20,True
"Gastronomía, mención Pastelería y Repostería","Servicio de comedores, bares y salones",25,3,12,10,7,20,True
"Gastronomía, mención Pastelería y Repostería",Elaboración de masas y pastas,25,3,12,10,7,20,True
"Gastronomía, mención Pastelería y Repostería",Elaboración de productos de repostería,25,3,12,10,7,20,True
"Gastronomía, mención Pastelería y Repostería",Elaboración de productos de pastelería,25,3,12,10,7,20,True
"Gastronomía, mención Pastelería y Repostería",Innovación en la pastelería y repostería,25,3,12,10,7,20,True
"Gastronomía, mención Pastelería y Repostería",Emprendimiento y empleabilidad,25,3,12,10,7,20,True
Servicios de Hotelería,Atención al cliente en servicios de hotelería,25,3,12,10,7,20,True
Servicios de Hotelería,Servicio de habitaciones,25,3,12,10,7,20,True
Servicios de Hotelería,Actividades recreativas y de animación,25,3,12,10,7,20,True
Servicios de Hotelería,Servicio de eventos,25,3,12,10,7,20,True
Servicios de Hotelería,Inglés técnico para la industria de la hospitalidad,25,3,12,10,7,20,True
Servicios de Hotelería,Información turística,25,3,12,10,7,20,True
Servicios de Hotelería,Servicio de recepción y reservas,25,3,12,10,7,20,True
Servicios de Hotelería,Servicio de coctelería y vinos,25,3,12,10,7,20,True
Servicios de Hotelería,Servicio de información bilingüe,25,3,12,10,7,20,True
Servicios de Hotelería,Emprendimiento y empleabilidad,25,3,12,10,7,20,True
Contabilidad,Contabilización de operaciones comerciales,25,3,12,10,7,20,True
Contabilidad,Cálculo y registro de remuneraciones,25,3,12,10,7,20,True
Contabilidad,Control y procesamiento de información contable,25,3,12,10,7,20,True
Contabilidad,Organización y métodos de trabajo en la oficina,25,3,12,10,7,20,True
Contabilidad,Atención de clientes,25,3,12,10,7,20,True
Contabilidad,Elaboración de informes contables,25,3,12,10,7,20,True
Contabilidad,Cálculo y registro de impuestos,25,3,12,10,7,20,True
Contabilidad,Registro de operaciones de comercio nacional e internacional,25,3,12,10,7,20,True
Contabilidad,Procesamiento de información contable-financiera,25,3,12,10,7,20,True
Contabilidad,Emprendimiento y empleabilidad,25,3,12,10,7,20,True
Elaboración Industrial de Alimentos,Recepción de materias primas,25,3,12,10,7,20,True
Elaboración Industrial de Alimentos,Almacenaje y bodega de alimentos e insumos alimentarios,25,3,12,10,7,20,True
Elaboración Industrial de Alimentos,Elaboración de alimentos e higiene,25,3,12,10,7,20,True
Elaboración Industrial de Alimentos,Aseguramiento de la calidad de procesos y alimentos,25,3,12,10,7,20,True
Elaboración Industrial de Alimentos,Tratamientos de conservación de alimentos,25,3,12,10,7,20,True
Elaboración Industrial de Alimentos,Control y registro de procesos de la industria de alimentos,25,3,12,10,7,20,True
Elaboración Industrial de Alimentos,Manejo de desechos de la industria de alimentos,25,3,12,10,7,20,True
Elaboración Industrial de Alimentos,Envasado y rotulación de alimentos,25,3,12,10,7,20,True
Elaboración Industrial de Alimentos,Emprendimiento y empleabilidad,25,3,12,10,7,20,True
Vestuario y Confección Textil,Patronaje computacional,25,3,12,10,7,20,True
Vestuario y Confección Textil,Elaboración de fichas técnicas,25,3,12,10,7,20,True
Vestuario y Confección Textil,Mantenimiento de máquinas,25,3,12,10,7,20,True
Vestuario y Confección Textil,"Tendido, trazado y corte de telas",25,3,12,10,7,20,True
Vestuario y Confección Textil,Confección y terminaciones,25,3,12,10,7,20,True
Vestuario y Confección Textil,Diseño computacional de artículos y vestuario,25,3,12,10,7,20,True
Vestuario y Confección Textil,Patronaje y escalado industrial,25,3,12,10,7,20,True
Vestuario y Confección Textil,Procesos de confección industrial,25,3,12,10,7,20,True
Vestuario y Confección Textil,Control de calidad,25,3,12,10,7,20,True
Vestuario y Confección Textil,Emprendimiento y empleabilidad,25,3,12,10,7,20,True
Instalaciones Sanitarias,Lectura de planos de instalaciones sanitarias,25,3,12,10,7,20,True
Instalaciones Sanitarias,Trazado de redes,25,3,12,10,7,20,True
Instalaciones Sanitarias,Instalación de redes de agua potable,25,3,12,10,7,20,True
Instalaciones Sanitarias,Instalación de redes de alcantarillado,25,3,12,10,7,20,True
Instalaciones Sanitarias,Instalación de redes para riego agrícola,25,3,12,10,7,20,True
Instalaciones Sanitarias,Cubicación en instalaciones sanitarias,25,3,12,10,7,20,True
Instalaciones Sanitarias,Instalación de artefactos sanitarios,25,3,12,10,7,20,True
Instalaciones Sanitarias,Instalación de gas,25,3,12,10,7,20,True
Instalaciones Sanitarias,Mantenimiento de redes y artefactos,25,3,12,10,7,20,True
Instalaciones Sanitarias,Emprendimiento y empleabilidad,25,3,12,10,7,20,True
Montaje Industrial,Unión y reparación de elementos metálicos,25,3,12,10,7,20,True
Montaje Industrial,Dibujo e interpretación de planos de montaje,25,3,12,10,7,20,True
Montaje Industrial,"Mediciones, trazados y cálculos de montaje industrial",25,3,12,10,7,20,True
Montaje Industrial,Maniobras de levante de cargas,25,3,12,10,7,20,True
Montaje Industrial,Tratamientos superficiales y manejo de residuos,25,3,12,10,7,20,True
Montaje Industrial,Fijación y montaje de elementos,25,3,12,10,7,20,True
Montaje Industrial,Mantenimiento industrial,25,3,12,10,7,20,True
Montaje Industrial,Cubicación de proyectos,25,3,12,10,7,20,True
Montaje Industrial,Emprendimiento y empleabilidad,25,3,12,10,7,20,True
Electrónica,Proyectos electrónicos,25,3,12,10,7,20,True
Electrónica,Armado y reparación de circuitos electrónicos,25,3,12,10,7,20,True
Electrónica,Ensamblaje y mantención de sistemas y equipos digitales,25,3,12,10,7,20,True
Electrónica,Sistemas de control domótico,25,3,12,10,7,20,True
Electrónica,Mantención y operación de equipos de control electrónico de potencia,25,3,12,10,7,20,True
Electrónica,Detección de fallas industriales,25,3,12,10,7,20,True
Electrónica,Operación y programación de equipos de control eléctrico industrial,25,3,12,10,7,20,True
Electrónica,Montaje de equipos industriales,25,3,12,10,7,20,True
Electrónica,Automatización industrial,25,3,12,10,7,20,True
Electrónica,Emprendimiento y empleabilidad,25,3,12,10,7,20,True
Dibujo Técnico,Lectura de planos y documentos técnicos,25,3,12,10,7,20,True
Dibujo Técnico,Dibujo manual de levantamientos,25,3,12,10,7,20,True
Dibujo Técnico,Dibujo digital de proyectos de arquitectura,25,3,12,10,7,20,True
Dibujo Técnico,Dibujo digital de piezas y conjuntos mecánicos,25,3,12,10,7,20,True
Dibujo Técnico,Maquetas virtuales,25,3,12,10,7,20,True
Dibujo Técnico,Dibujo digital de instalaciones domiciliarias,25,3,12,10,7,20,True
Dibujo Técnico,Dibujo digital de sistemas constructivos,25,3,12,10,7,20,True
Dibujo Técnico,Dibujo digital de montaje industrial,25,3,12,10,7,20,True
Dibujo Técnico,Cubicación de proyectos,25,3,12,10,7,20,True
Dibujo Técnico,Impresión y reproducción de planos,25,3,12,10,7,20,True
Dibujo Técnico,Emprendimiento y empleabilidad,25,3,12,10,7,20,True
Gráfica,Verificación y preparación de archivos digitales,25,3,12,10,7,20,True
Gráfica,Preparación de la máquina impresora,25,3,12,10,7,20,True
Gráfica,Impresión del producto gráfico,25,3,12,10,7,20,True
Gráfica,Materiales e insumos de la industria gráfica,25,3,12,10,7,20,True
Gráfica,Encuadernación del producto impreso,25,3,12,10,7,20,True
Gráfica,Imposición de archivos y obtención de prueba de color,25,3,12,10,7,20,True
Gráfica,Salida del archivo a matriz impresora e impresión digital,25,3,12,10,7,20,True
Gráfica,Postimpresión en embalajes y recubrimientos a impresos,25,3,12,10,7,20,True
Gráfica,Emprendimiento y empleabilidad,25,3,12,10,7,20,True
Servicios de Turismo,Sistemas de reservas,25,3,12,10,7,20,True
Servicios de Turismo,Atención turística al cliente,25,3,12,10,7,20,True
Servicios de Turismo,"Patrimonio, cultura y atractivos turísticos de Chile",25,3,12,10,7,20,True
Servicios de Turismo,Prevención y seguridad en programas turísticos,25,3,12,10,7,20,True
Servicios de Turismo,Inglés para la comunicación oral en turismo,25,3,12,10,7,20,True
Servicios de Turismo,"Patrimonio, cultura y atractivos turísticos del mundo",25,3,12,10,7,20,True
Servicios de Turismo,Conducción de grupos turísticos,25,3,12,10,7,20,True
Servicios de Turismo,Elaboración de programas turísticos,25,3,12,10,7,20,True
Servicios de Turismo,Inglés para la comunicación escrita en turismo,25,3,12,10,7,20,True
Servicios de Turismo,Emprendimiento y empleabilidad,25,3,12,10,7,20,True
Forestal,Producción de plantas y repoblación,25,3,12,10,7,20,True
Forestal,Mediciones forestales,25,3,12,10,7,20,True
Forestal,Control de plagas y enfermedades forestales,25,3,12,10,7,20,True
Forestal,Uso y mantenimiento de herramientas y máquinas,25,3,12,10,7,20,True
Forestal,Operaciones silvícolas,25,3,12,10,7,20,True
Forestal,Operaciones de cosecha forestal,25,3,12,10,7,20,True
Forestal,Control de la producción forestal,25,3,12,10,7,20,True
Forestal,Técnicas de prevención y combate de incendios forestales,25,3,12,10,7,20,True
Forestal,Emprendimiento y empleabilidad,25,3,12,10,7,20,True
Muebles y Terminaciones en Madera,Abastecimiento y despacho,25,3,12,10,7,20,True
Muebles y Terminaciones en Madera,Fabricación de componentes de carpintería y muebles,25,3,12,10,7,20,True
Muebles y Terminaciones en Madera,Cubicaciones,25,3,12,10,7,20,True
Muebles y Terminaciones en Madera,"Aseguramiento de la calidad, seguridad y cuidado del medio ambiente",25,3,12,10,7,20,True
Muebles y Terminaciones en Madera,Representación gráfica de muebles y elementos de carpintería,25,3,12,10,7,20,True
Muebles y Terminaciones en Madera,Armado de estructuras,25,3,12,10,7,20,True
Muebles y Terminaciones en Madera,Terminaciones de muebles y elementos de carpintería,25,3,12,10,7,20,True
Muebles y Terminaciones en Madera,Instalación de muebles y elementos de carpintería,25,3,12,10,7,20,True
Muebles y Terminaciones en Madera,"Mantenimiento de máquinas, equipos y herramientas",25,3,12,10,7,20,True
Muebles y Terminaciones en Madera,Emprendimiento y empleabilidad,25,3,12,10,7,20,True
Acuicultura,"Manejo de reproductores, desove y crías de larvas de especies hidrobiológicas",25,3,12,10,7,20,True
Acuicultura,Engorde de especies acuícolas,25,3,12,10,7,20,True
Acuicultura,"Operación de sistemas, equipos y maquinarias",25,3,12,10,7,20,True
Acuicultura,"Seguridad, prevención de riesgos y cuidado del medio ambiente",25,3,12,10,7,20,True
Acuicultura,Cosecha de especies acuícolas,25,3,12,10,7,20,True
Acuicultura,Captación de semillas,25,3,12,10,7,20,True
Acuicultura,Trabajos subacuáticos en acuicultura,25,3,12,10,7,20,True
Acuicultura,Manejo de información acuícola,25,3,12,10,7,20,True
Acuicultura,Emprendimiento y empleabilidad,25,3,12,10,7,20,True
Operaciones Portuarias,Documentación en la operación portuaria,25,3,12,10,7,20,True
Operaciones Portuarias,Consolidación y desconsolidación de contenedores,25,3,12,10,7,20,True
Operaciones Portuarias,Seguridad y prevención de riesgos en faenas portuarias,25,3,12,10,7,20,True
Operaciones Portuarias,Operación de movilización y distribución de cargas,25,3,12,10,7,20,True
Operaciones Portuarias,Tramitación y documentación de recepción y despacho de carga,25,3,12,10,7,20,True
Operaciones Portuarias,Estiba y desestiba de naves mercantes,25,3,12,10,7,20,True
Operaciones Portuarias,Tramitación de movilización y distribución de cargas,25,3,12,10,7,20,True
Operaciones Portuarias,Organización y almacenamiento de cargas en zonas de depósito,25,3,12,10,7,20,True
Operaciones Portuarias,Emprendimiento y empleabilidad,25,3,12,10,7,20,True
Pesquería,Navegación y meteorología,25,3,12,10,7,20,True
Pesquería,"Armado, mantenimiento y reparación de implementos de pesca",25,3,12,10,7,20,True
Pesquería,Tratamientos de conservación y manipulación de recursos hidrobiológicos,25,3,12,10,7,20,True
Pesquería,Prevención de riesgos en el mar,25,3,12,10,7,20,True
Pesquería,Primeros auxilios,25,3,12,10,7,20,True
Pesquería,Maniobras y operación de artes de pesca,25,3,12,10,7,20,True
Pesquería,Gestión de planes y proyectos de manejo y emprendimiento pesquero,25,3,12,10,7,20,True
Pesquería,Comunicaciones marítimas,25,3,12,10,7,20,True
Pesquería,Emprendimiento y empleabilidad,25,3,12,10,7,20,True
Tripulación de Naves Mercantes y Especiales,Operación de equipos de maniobras de cubierta,25,3,12,10,7,20,True
Tripulación de Naves Mercantes y Especiales,Mantenimiento de máquinas de cubierta,25,3,12,10,7,20,True
Tripulación de Naves Mercantes y Especiales,Prevención de riesgos en el mar,25,3,12,10,7,20,True
Tripulación de Naves Mercantes y Especiales,Operación puente de gobierno,25,3,12,10,7,20,True
Tripulación de Naves Mercantes y Especiales,Primeros auxilios,25,3,12,10,7,20,True
Tripulación de Naves Mercantes y Especiales,Operación de máquinas propulsoras y auxiliares,25,3,12,10,7,20,True
Tripulación de Naves Mercantes y Especiales,Mantenimiento de máquinas marinas,25,3,12,10,7,20,True
Tripulación de Naves Mercantes y Especiales,Comunicaciones,25,3,12,10,7,20,True
Tripulación de Naves Mercantes y Especiales,Emprendimiento y empleabilidad,25,3,12,10,7,20,True
Construcciones Metálicas,Lectura y dibujo de planos en construcciones metálicas,25,3,12,10,7,20,True
Construcciones Metálicas,Trazado de partes y piezas en construcciones metálicas,25,3,12,10,7,20,True
Construcciones Metálicas,Mantenimiento de equipos y herramientas en construcciones metálicas,25,3,12,10,7,20,True
Construcciones Metálicas,Mecanizado de partes y piezas metálicas,25,3,12,10,7,20,True
Construcciones Metálicas,Corte y soldadura en construcciones metálicas,25,3,12,10,7,20,True
Construcciones Metálicas,Armado y montaje en construcciones metálicas,25,3,12,10,7,20,True
Construcciones Metálicas,Protección de estructuras y tratamientos de residuos,25,3,12,10,7,20,True
Construcciones Metálicas,Cubicación de materiales e insumos en construcciones metálicas,25,3,12,10,7,20,True
Construcciones Metálicas,Emprendimiento y empleabilidad,25,3,12,10,7,20,True
Mecánica Automotriz,Ajuste de motores,25,3,12,10,7,20,True
Mecánica Automotriz,Lectura de planos y manuales técnicos,25,3,12,10,7,20,True
Mecánica Automotriz,Manejo de residuos y desechos automotrices,25,3,12,10,7,20,True
Mecánica Automotriz,Mantenimiento de sistemas de seguridad y confortabilidad,25,3,12,10,7,20,True
Mecánica Automotriz,Mantenimiento de sistemas eléctricos y electrónicos,25,3,12,10,7,20,True
Mecánica Automotriz,Mantenimiento de motores,25,3,12,10,7,20,True
Mecánica Automotriz,Mantenimiento de sistemas hidráulicos y neumáticos,25,3,12,10,7,20,True
Mecánica Automotriz,Mantenimiento de los sistemas de transmisión y frenos,25,3,12,10,7,20,True
Mecánica Automotriz,Mantenimiento de sistemas de dirección y suspensión,25,3,12,10,7,20,True
Mecánica Automotriz,Emprendimiento y empleabilidad,25,3,12,10,7,20,True
Mecánica de Mantenimiento de Aeronaves,Reparación y remplazo de elementos estructurales de la aeronave,25,3,12,10,7,20,True
Mecánica de Mantenimiento de Aeronaves,Detección de fallas en instrumentos y sistemas de navegación y comunicación de la aeronave,25,3,12,10,7,20,True
Mecánica de Mantenimiento de Aeronaves,Mantenimiento de los controles de vuelo de la aeronave,25,3,12,10,7,20,True
Mecánica de Mantenimiento de Aeronaves,"Inglés técnico de estructura, controles de vuelo y sistemas de navegación y comunicación de la aeronave",25,3,12,10,7,20,True
Mecánica de Mantenimiento de Aeronaves,Lectura e interpretación de manuales de mantenimiento de aeronaves,25,3,12,10,7,20,True
Mecánica de Mantenimiento de Aeronaves,Normativa de mantenimiento aeronáutico,25,3,12,10,7,20,True
Mecánica de Mantenimiento de Aeronaves,Mantenimiento de las unidades y sistemas asociados al motor recíproco,25,3,12,10,7,20,True
Mecánica de Mantenimiento de Aeronaves,Mantenimiento de las unidades y sistemas asociados al motor a reacción,25,3,12,10,7,20,True
Mecánica de Mantenimiento de Aeronaves,Mantenimiento de los sistemas de la aeronave,25,3,12,10,7,20,True
Mecánica de Mantenimiento de Aeronaves,Inglés técnico de mantenimiento de aeronaves,25,3,12,10,7,20,True
Mecánica de Mantenimiento de Aeronaves,Emprendimiento y empleabilidad,25,3,12,10,7,20,True
Asistencia en Geología,Preparación e instalación de campamentos,25,3,12,10,7,20,True
Asistencia en Geología,Marco legal y seguridad en geología,25,3,12,10,7,20,True
Asistencia en Geología,Clasificación de rocas y minerales,25,3,12,10,7,20,True
Asistencia en Geología,Lectura y elaboración de mapas topográficos y geológicos,25,3,12,10,7,20,True
Asistencia en Geología,Prospección geológica con sondajes,25,3,12,10,7,20,True
Asistencia en Geología,Técnicas de muestreo geológico,25,3,12,10,7,20,True
Asistencia en Geología,Registro y transferencia de información geológica,25,3,12,10,7,20,True
Asistencia en Geología,Transporte y mantenimiento de equipos e instrumentos geológicos,25,3,12,10,7,20,True
Asistencia en Geología,Emprendimiento y empleabilidad,25,3,12,10,7,20,True
Explotación Minera,Lectura de planos de ubicación y de tronadura,25,3,12,10,7,20,True
Explotación Minera,Fortificación de minas subterráneas y a cielo abierto,25,3,12,10,7,20,True
Explotación Minera,Perforación y tronadura en faenas mineras,25,3,12,10,7,20,True
Explotación Minera,Marco legal y seguridad en plantas de explotación minera,25,3,12,10,7,20,True
Explotación Minera,Ventilación secundaria y drenaje de minas,25,3,12,10,7,20,True
Explotación Minera,Muestreo en explotaciones mineras,25,3,12,10,7,20,True
Explotación Minera,"Cubicación, carguío y transporte",25,3,12,10,7,20,True
Explotación Minera,Chancado primario de minerales,25,3,12,10,7,20,True
Explotación Minera,Emprendimiento y empleabilidad,25,3,12,10,7,20,True
Metalurgia Extractiva,Laboratorio y análisis químico,25,3,12,10,7,20,True
Metalurgia Extractiva,Muestreo y control de procesos,25,3,12,10,7,20,True
Metalurgia Extractiva,Control de inventario,25,3,12,10,7,20,True
Metalurgia Extractiva,Legislación y prevención de riesgos en la minería,25,3,12,10,7,20,True
Metalurgia Extractiva,Transformación mecánica de los minerales,25,3,12,10,7,20,True
Metalurgia Extractiva,Acondicionamiento químico de los minerales,25,3,12,10,7,20,True
Metalurgia Extractiva,Técnicas de hidrometalurgia,25,3,12,10,7,20,True
Metalurgia Extractiva,Fundición y refinería,25,3,12,10,7,20,True
Metalurgia Extractiva,Emprendimiento y empleabilidad,25,3,12,10,7,20,True
Atención de Párvulos,Material didáctico y de ambientación,25,3,12,10,7,20,True
Atención de Párvulos,Expresión musical para párvulos,25,3,12,10,7,20,True
Atención de Párvulos,Relación con la familia,25,3,12,10,7,20,True
Atención de Párvulos,Salud en párvulos,25,3,12,10,7,20,True
Atención de Párvulos,Recreación y bienestar de los párvulos,25,3,12,10,7,20,True
Atención de Párvulos,Actividades educativas para párvulos,25,3,12,10,7,20,True
Atención de Párvulos,Expresión literaria y teatral con párvulos,25,3,12,10,7,20,True
Atención de Párvulos,Alimentación de los párvulos,25,3,12,10,7,20,True
Atención de Párvulos,Higiene y seguridad de los párvulos,25,3,12,10,7,20,True
Atención de Párvulos,Emprendimiento y empleabilidad,25,3,12,10,7,20,True
Conectividad y Redes,Instalación de redes de área local cableadas e inalámbricas,25,3,12,10,7,20,True
Conectividad y Redes,Ensamblado y configuración de computadores y equipos terminales portátiles,25,3,12,10,7,20,True
Conectividad y Redes,Instalación y explotación de software de aplicaciones productivas,25,3,12,10,7,20,True
Conectividad y Redes,Configuración y puesta en servicio de aplicaciones en redes de área local,25,3,12,10,7,20,True
Conectividad y Redes,Configuración de la seguridad en redes de área local,25,3,12,10,7,20,True
Conectividad y Redes,Mantenimiento y actualización de hardware en redes de área local,25,3,12,10,7,20,True
Conectividad y Redes,Mantenimiento y actualización de software en redes de área local,25,3,12,10,7,20,True
Conectividad y Redes,Recuperación y respaldo de información en redes de área local,25,3,12,10,7,20,True
Conectividad y Redes,Emprendimiento y empleabilidad,25,3,12,10,7,20,True
Programación,Programación y bases de datos,25,3,12,10,7,20,True
Programación,Instalación y configuración de equipos informáticos,25,3,12,10,7,20,True
Programación,Soporte a usuarios y productividad,25,3,12,10,7,20,True
Programación,Sistemas operativos,25,3,12,10,7,20,True
Programación,Diseño de bases de datos relacionales,25,3,12,10,7,20,True
Programación,Programación orientada a objetos,25,3,12,10,7,20,True
Programación,Administración de bases de datos,25,3,12,10,7,20,True
Programación,Desarrollo de aplicaciones web,25,3,12,10,7,20,True
Programación,Emprendimiento y empleabilidad,25,3,12,10,7,20,True
Telecomunicaciones,Operaciones y fundamentos de las telecomunicaciones,25,3,12,10,7,20,True
Telecomunicaciones,Instalación y mantenimiento básico de un terminal informático,25,3,12,10,7,20,True
Telecomunicaciones,Instalación y configuración de redes,25,3,12,10,7,20,True
Telecomunicaciones,Mantenimiento de circuitos electrónicos básicos,25,3,12,10,7,20,True
Telecomunicaciones,Instalación de servicios básicos de telecomunicaciones,25,3,12,10,7,20,True
Telecomunicaciones,Comunicaciones inalámbricas,25,3,12,10,7,20,True
Telecomunicaciones,Instalación de redes telefónicas convergentes,25,3,12,10,7,20,True
Telecomunicaciones,Sistemas operativos de redes,25,3,12,10,7,20,True
Telecomunicaciones,Mantenimiento de redes de acceso y banda ancha,25,3,12,10,7,20,True
Telecomunicaciones,Emprendimiento y empleabilidad,25,3,12,10,7,20,True
"Administración, mención Logística",Utilización de información contable,25,3,12,10,7,20,True
"Administración, mención Logística",Gestión comercial y tributaria,25,3,12,10,7,20,True
"Administración, mención Logística",Procesos administrativos,25,3,12,10,7,20,True
"Administración, mención Logística",Atención de clientes,25,3,12,10,7,20,True
"Administración, mención Logística",Organización de oficinas,25,3,12,10,7,20,True
"Administración, mención Logística",Aplicaciones informáticas para la gestión administrativa,25,3,12,10,7,20,True
"Administración, mención Logística",Operaciones de almacenamiento,25,3,12,10,7,20,True
"Administración, mención Logística",Operaciones de bodega,25,3,12,10,7,20,True
"Administración, mención Logística",Logística y distribución,25,3,12,10,7,20,True
"Administración, mención Logística",Seguridad en bodegas,25,3,12,10,7,20,True
"Administración, mención Logística",Emprendimiento y empleabilidad,25,3,12,10,7,20,True
"Administración, mención Recursos Humanos",Utilización de información contable,25,3,12,10,7,20,True
"Administración, mención Recursos Humanos",Gestión comercial y tributaria,25,3,12,10,7,20,True
"Administración, mención Recursos Humanos",Procesos administrativos,25,3,12,10,7,20,True
"Administración, mención Recursos Humanos",Atención de clientes,25,3,12,10,7,20,True
"Administración, mención Recursos Humanos",Organización de oficinas,25,3,12,10,7,20,True
"Administración, mención Recursos Humanos",Aplicaciones informáticas para la gestión administrativa,25,3,12,10,7,20,True
"Administración, mención Recursos Humanos",Legislación laboral,25,3,12,10,7,20,True
"Administración, mención Recursos Humanos","Cálculo de remuneración, finiquitos y obligaciones laborales",25,3,12,10,7,20,True
"Administración, mención Recursos Humanos",Desarrollo y bienestar del personal,25,3,12,10,7,20,True
"Administración, mención Recursos Humanos",Dotación de personal,25,3,12,10,7,20,True
"Administración, mención Recursos Humanos",Emprendimiento y empleabilidad,25,3,12,10,7,20,True
"Agropecuaria, mención Agricultura",Manejo de suelo y residuos,25,3,12,10,7,20,True
"Agropecuaria, mención Agricultura",Manejo de técnicas de riego,25,3,12,10,7,20,True
"Agropecuaria, mención Agricultura",Técnicas de reproducción vegetal,25,3,12,10,7,20,True
"Agropecuaria, mención Agricultura",Alimentación y pesaje pecuario,25,3,12,10,7,20,True
"Agropecuaria, mención Agricultura",Control de plagas y enfermedades,25,3,12,10,7,20,True
"Agropecuaria, mención Agricultura",Técnicas de cultivo de especies vegetales,25,3,12,10,7,20,True
"Agropecuaria, mención Agricultura",Manejos para optimización productiva de frutales,25,3,12,10,7,20,True
"Agropecuaria, mención Agricultura",Postcosecha y guarda de productos agrícolas,25,3,12,10,7,20,True
"Agropecuaria, mención Agricultura",Mantenimiento de maquinarias y equipos agrícolas,25,3,12,10,7,20,True
"Agropecuaria, mención Agricultura",Emprendimiento y empleabilidad,25,3,12,10,7,20,True
"Agropecuaria, mención Pecuaria",Manejo de suelo y residuos,25,3,12,10,7,20,True
"Agropecuaria, mención Pecuaria",Manejo de técnicas de riego,25,3,12,10,7,20,True
"Agropecuaria, mención Pecuaria",Técnicas de reproducción vegetal,25,3,12,10,7,20,True
"Agropecuaria, mención Pecuaria",Alimentación y pesaje pecuario,25,3,12,10,7,20,True
"Agropecuaria, mención Pecuaria",Control de plagas y enfermedades,25,3,12,10,7,20,True
"Agropecuaria, mención Pecuaria",Manejos pecuarios,25,3,12,10,7,20,True
"Agropecuaria, mención Pecuaria",Reproducción animal,25,3,12,10,7,20,True
"Agropecuaria, mención Pecuaria",Producción lechera,25,3,12,10,7,20,True
"Agropecuaria, mención Pecuaria",Sanidad y bienestar animal,25,3,12,10,7,20,True
"Agropecuaria, mención Pecuaria",Cultivo de praderas y forrajes,25,3,12,10,7,20,True
"Agropecuaria, mención Pecuaria",Emprendimiento y empleabilidad,25,3,12,10,7,20,True
"Agropecuaria, mención Vitivinícola",Manejo de suelo y residuos,25,3,12,10,7,20,True
"Agropecuaria, mención Vitivinícola",Manejo de técnicas de riego,25,3,12,10,7,20,True
"Agropecuaria, mención Vitivinícola",Técnicas de reproducción vegetal,25,3,12,10,7,20,True
"Agropecuaria, mención Vitivinícola",Alimentación y pesaje pecuario,25,3,12,10,7,20,True
"Agropecuaria, mención Vitivinícola",Control de plagas y enfermedades,25,3,12,10,7,20,True
"Agropecuaria, mención Vitivinícola",Viticultura,25,3,12,10,7,20,True
"Agropecuaria, mención Vitivinícola",Cosecha y transporte de vides,25,3,12,10,7,20,True
"Agropecuaria, mención Vitivinícola",Elaboración de vinos,25,3,12,10,7,20,True
"Agropecuaria, mención Vitivinícola",Envasado y maquinaria vitivinícola,25,3,12,10,7,20,True
"Agropecuaria, mención Vitivinícola",Manejo de bodegas vitivinícolas,25,3,12,10,7,20,True
"Agropecuaria, mención Vitivinícola",Emprendimiento y empleabilidad,25,3,12,10,7,20,True
"Construcción, mención Edificación","Análisis de muestras de hormigón, suelos y materiales",25,3,12,10,7,20,True
"Construcción, mención Edificación",Carpintería de instalación de faenas,25,3,12,10,7,20,True
"Construcción, mención Edificación",Control y mantenimiento de bodegas y pañoles,25,3,12,10,7,20,True
"Construcción, mención Edificación",Cubicación de materiales e insumos,25,3,12,10,7,20,True
"Construcción, mención Edificación",Interpretación de planos de construcción,25,3,12,10,7,20,True
"Construcción, mención Edificación",Prevención de riesgos en la construcción,25,3,12,10,7,20,True
"Construcción, mención Edificación",Trazado de obras de construcción,25,3,12,10,7,20,True
"Construcción, mención Edificación",Albañilerías estructurales y no estructurales,25,3,12,10,7,20,True
"Construcción, mención Edificación",Carpintería estructural,25,3,12,10,7,20,True
"Construcción, mención Edificación",Enfierradura para elementos estructurales,25,3,12,10,7,20,True
"Construcción, mención Edificación",Estructuras de hormigón,25,3,12,10,7,20,True
"Construcción, mención Edificación",Emprendimiento y empleabilidad,25,3,12,10,7,20,True
"Construcción, mención Terminaciones de la Construcción","Análisis de muestras de hormigón, suelos y materiales",25,3,12,10,7,20,True
"Construcción, mención Terminaciones de la Construcción",Carpintería de instalación de faenas,25,3,12,10,7,20,True
"Construcción, mención Terminaciones de la Construcción",Control y mantenimiento de bodegas y pañoles,25,3,12,10,7,20,True
"Construcción, mención Terminaciones de la Construcción",Cubicación de materiales e insumos,25,3,12,10,7,20,True
"Construcción, mención Terminaciones de la Construcción",Interpretación de planos de construcción,25,3,12,10,7,20,True
"Construcción, mención Terminaciones de la Construcción",Prevención de riesgos en la construcción,25,3,12,10,7,20,True
"Construcción, mención Terminaciones de la Construcción",Trazado de obras de construcción,25,3,12,10,7,20,True
"Construcción, mención Terminaciones de la Construcción",Impermeabilización y aislación de elementos,25,3,12,10,7,20,True
"Construcción, mención Terminaciones de la Construcción",Instalación de cubiertas y elementos de evacuación de aguas lluvias,25,3,12,10,7,20,True
"Construcción, mención Terminaciones de la Construcción","Instalación de muebles, puertas y ventanas",25,3,12,10,7,20,True
"Construcción, mención Terminaciones de la Construcción","Revestimientos para pisos, muros y cielos",25,3,12,10,7,20,True
"Construcción, mención Terminaciones de la Construcción",Emprendimiento y empleabilidad,25,3,12,10,7,20,True
"Construcción, mención Obras Viales e Infraestructura","Análisis de muestras de hormigón, suelos y materiales",25,3,12,10,7,20,True
"Construcción, mención Obras Viales e Infraestructura",Carpintería de instalación de faenas,25,3,12,10,7,20,True
"Construcción, mención Obras Viales e Infraestructura",Control y mantenimiento de bodegas y pañoles,25,3,12,10,7,20,True
"Construcción, mención Obras Viales e Infraestructura",Cubicación de materiales e insumos,25,3,12,10,7,20,True
"Construcción, mención Obras Viales e Infraestructura",Interpretación de planos de construcción,25,3,12,10,7,20,True
"Construcción, mención Obras Viales e Infraestructura",Prevención de riesgos en la construcción,25,3,12,10,7,20,True
"Construcción, mención Obras Viales e Infraestructura",Trazado de obras de construcción,25,3,12,10,7,20,True
"Construcción, mención Obras Viales e Infraestructura",Calidad en obras viales e infraestructura,25,3,12,10,7,20,True
"Construcción, mención Obras Viales e Infraestructura",Seguridad vial,25,3,12,10,7,20,True
"Construcción, mención Obras Viales e Infraestructura",Mantenimiento de obras viales,25,3,12,10,7,20,True
"Construcción, mención Obras Viales e Infraestructura",Conformación de la calzada,25,3,12,10,7,20,True
"Construcción, mención Obras Viales e Infraestructura",Infraestructura para la protección de la calzada,25,3,12,10,7,20,True
"Construcción, mención Obras Viales e Infraestructura",Empleabilidad y emprendimiento,25,3,12,10,7,20,True
"Química Industrial, mención Laboratorio Químico",Manejo y almacenamiento seguro de materiales,25,3,12,10,7,20,True
"Química Industrial, mención Laboratorio Químico","Técnicas, procesos y equipos de laboratorio",25,3,12,10,7,20,True
"Química Industrial, mención Laboratorio Químico",Fabricación de productos industriales,25,3,12,10,7,20,True
"Química Industrial, mención Laboratorio Químico",Cuidado del medioambiente y tratamiento de residuos,25,3,12,10,7,20,True
"Química Industrial, mención Laboratorio Químico",Toma de muestra,25,3,12,10,7,20,True
"Química Industrial, mención Laboratorio Químico",Preparación de muestras para análisis orgánico,25,3,12,10,7,20,True
"Química Industrial, mención Laboratorio Químico",Técnicas de análisis físico-químico,25,3,12,10,7,20,True
"Química Industrial, mención Laboratorio Químico",Técnicas de análisis instrumental,25,3,12,10,7,20,True
"Química Industrial, mención Laboratorio Químico",Mantenimiento de equipos e instrumentos de laboratorio,25,3,12,10,7,20,True
"Química Industrial, mención Laboratorio Químico",Emprendimiento y empleabilidad,25,3,12,10,7,20,True
"Química Industrial, mención Planta Química",Manejo y almacenamiento seguro de materiales,25,3,12,10,7,20,True
"Química Industrial, mención Planta Química","Técnicas, procesos y equipos de laboratorio",25,3,12,10,7,20,True
"Química Industrial, mención Planta Química",Fabricación de productos industriales,25,3,12,10,7,20,True
"Química Industrial, mención Planta Química",Cuidado del medioambiente y tratamiento de residuos,25,3,12,10,7,20,True
"Química Industrial, mención Planta Química",Transferencia de calor y operaciones unitarias,25,3,12,10,7,20,True
"Química Industrial, mención Planta Química",Acondicionamiento de sólidos y control automático,25,3,12,10,7,20,True
"Química Industrial, mención Planta Química",Muestreo de productos industriales,25,3,12,10,7,20,True
"Química Industrial, mención Planta Química",Mantenimiento de sistemas auxiliares,25,3,12,10,7,20,True
"Química Industrial, mención Planta Química",Emprendimiento y empleabilidad,25,3,12,10,7,20,True
"Mecánica Industrial, mención Máquinas-Herramientas",Soldadura,25,3,12,10,7,20,True
"Mecánica Industrial, mención Máquinas-Herramientas",Mantenimiento de herramientas,25,3,12,10,7,20,True
"Mecánica Industrial, mención Máquinas-Herramientas",Medición y verificación,25,3,12,10,7,20,True
"Mecánica Industrial, mención Máquinas-Herramientas",Mecánica de banco,25,3,12,10,7,20,True
"Mecánica Industrial, mención Máquinas-Herramientas",Lectura de manuales y planos,25,3,12,10,7,20,True
"Mecánica Industrial, mención Máquinas-Herramientas",Torneado de piezas y conjuntos mecánicos,25,3,12,10,7,20,True
"Mecánica Industrial, mención Máquinas-Herramientas",Fresado de piezas y conjuntos mecánicos,25,3,12,10,7,20,True
"Mecánica Industrial, mención Máquinas-Herramientas",Taladrado y rectificado de piezas mecánicas,25,3,12,10,7,20,True
"Mecánica Industrial, mención Máquinas-Herramientas",Mecanizado con máquinas de control numérico computacional,25,3,12,10,7,20,True
"Mecánica Industrial, mención Máquinas-Herramientas",Emprendimiento y empleabilidad,25,3,12,10,7,20,True
"Mecánica Industrial, mención Matricería",Soldadura,25,3,12,10,7,20,True
"Mecánica Industrial, mención Matricería",Mantenimiento de herramientas,25,3,12,10,7,20,True
"Mecánica Industrial, mención Matricería",Medición y verificación,25,3,12,10,7,20,True
"Mecánica Industrial, mención Matricería",Mecánica de banco,25,3,12,10,7,20,True
"Mecánica Industrial, mención Matricería",Lectura de manuales y planos,25,3,12,10,7,20,True
"Mecánica Industrial, mención Matricería",Fabricación de matrices,25,3,12,10,7,20,True
"Mecánica Industrial, mención Matricería",Fabricación de moldes,25,3,12,10,7,20,True
"Mecánica Industrial, mención Matricería",Mantención de matrices y moldes,25,3,12,10,7,20,True
"Mecánica Industrial, mención Matricería",Diseño y dibujo de moldes y matrices,25,3,12,10,7,20,True
"Mecánica Industrial, mención Matricería",Emprendimiento y empleabilidad,25,3,12,10,7,20,True
"Mecánica Industrial, mención Mantenimiento Electromecánico",Soldadura,25,3,12,10,7,20,True
"Mecánica Industrial, mención Mantenimiento Electromecánico",Mantenimiento de herramientas,25,3,12,10,7,20,True
"Mecánica Industrial, mención Mantenimiento Electromecánico",Medición y verificación,25,3,12,10,7,20,True
"Mecánica Industrial, mención Mantenimiento Electromecánico",Mecánica de banco,25,3,12,10,7,20,True
"Mecánica Industrial, mención Mantenimiento Electromecánico",Lectura de manuales y planos,25,3,12,10,7,20,True
"Mecánica Industrial, mención Mantenimiento Electromecánico",Mantenimiento y reparación industrial,25,3,12,10,7,20,True
"Mecánica Industrial, mención Mantenimiento Electromecánico",Detección de fallas en sistemas industriales,25,3,12,10,7,20,True
"Mecánica Industrial, mención Mantenimiento Electromecánico",Control de procesos industriales,25,3,12,10,7,20,True
"Mecánica Industrial, mención Mantenimiento Electromecánico",Montaje de equipos y sistemas industriales,25,3,12,10,7,20,True
"Mecánica Industrial, mención Mantenimiento Electromecánico",Emprendimiento y empleabilidad,25,3,12,10,7,20,True
