especialidad,curso,modulo,horas_disponibles,actividades_preguntas,minutos_docente_promedio,factor,minutos_estudiante_promedio,horas_requeridas,ocupacion_porcentaje,horas_restantes,estado
Refrigeración y climatización,3° medio,Lectura de planos y cubicación de materiales de proyectos,42.75,61,6.72,5,33.58,34.14,79.9,8.61,Equilibrado
Refrigeración y climatización,3° medio,Instrumentos de medición y de verificación,42.75,61,6.72,5,33.58,34.14,79.9,8.61,Equilibrado
Refrigeración y climatización,3° medio,Instalación y montaje de redes de refrigeración y climatización,51.3,61,7.88,5,39.42,40.08,78.1,11.22,Equilibrado
Refrigeración y climatización,3° medio,Instalación y montaje de equipos,51.3,61,7.88,5,39.42,40.08,78.1,11.22,Equilibrado
Refrigeración y climatización,4° medio,Puesta en marcha de equipos de refrigeración y climatización,51.3,61,7.85,5,39.27,39.92,77.8,11.38,Equilibrado
Refrigeración y climatización,4° medio,Diagnóstico en sistemas de refrigeración y climatización,42.75,61,6.69,5,33.45,34.0,79.5,8.75,Equilibrado
Refrigeración y climatización,4° medio,Mantención de sistemas de refrigeración y climatización,42.75,55,7.4,5,36.99,33.9,79.3,8.85,Equilibrado
Refrigeración y climatización,4° medio,Reciclaje y almacenamiento de refrigerantes,34.2,61,5.52,5,27.59,28.05,82.0,6.15,Equilibrado
Refrigeración y climatización,4° medio,Emprendimiento y empleabilidad,17.1,67,2.84,5,14.21,15.87,92.8,1.23,Ocupación alta
Electricidad,3° medio,Instalación de motores eléctricos y equipos de calefacción,34.2,55,6.1,5,30.49,27.95,81.7,6.25,Equilibrado
Electricidad,3° medio,Instalaciones eléctricas domiciliarias,51.3,61,7.85,5,39.27,39.92,77.8,11.38,Equilibrado
Electricidad,3° medio,Elaboración de proyectos eléctricos,51.3,61,7.85,5,39.27,39.92,77.8,11.38,Equilibrado
Electricidad,3° medio,"Mantenimiento de máquinas, equipos y sistemas eléctricos",51.3,55,8.73,5,43.66,40.02,78.0,11.28,Equilibrado
Electricidad,4° medio,Instalación de sistemas de control eléctrico industrial,51.3,67,7.17,5,35.84,40.02,78.0,11.28,Equilibrado
Electricidad,4° medio,Instalaciones eléctricas industriales,51.3,61,7.85,5,39.27,39.92,77.8,11.38,Equilibrado
Electricidad,4° medio,Instalación de equipos electrónicos de potencia,34.2,55,6.1,5,30.49,27.95,81.7,6.25,Equilibrado
Electricidad,4° medio,Automatización de sistemas eléctricos industriales,34.2,55,6.1,5,30.49,27.95,81.7,6.25,Equilibrado
Electricidad,4° medio,Emprendimiento y empleabilidad,17.1,67,2.84,5,14.21,15.87,92.8,1.23,Ocupación alta
"Atención de Enfermería, mención Adulto Mayor",3° medio,Aplicación de cuidados básicos,51.3,61,7.85,5,39.27,39.92,77.8,11.38,Equilibrado
"Atención de Enfermería, mención Adulto Mayor",3° medio,Medición y control de parámetros básicos en salud,34.2,61,5.52,5,27.59,28.05,82.0,6.15,Equilibrado
"Atención de Enfermería, mención Adulto Mayor",3° medio,Promoción de la salud y prevención de la enfermedad,42.75,61,6.69,5,33.45,34.0,79.5,8.75,Equilibrado
"Atención de Enfermería, mención Adulto Mayor",3° medio,Higiene y bioseguridad del ambiente,42.75,55,7.4,5,36.99,33.9,79.3,8.85,Equilibrado
"Atención de Enfermería, mención Adulto Mayor",4° medio,Sistemas de registro e información en salud,17.1,61,3.12,5,15.61,15.87,92.8,1.23,Ocupación alta
"Atención de Enfermería, mención Adulto Mayor",4° medio,Prevención y control de infecciones intrahospitalarias,51.3,61,7.85,5,39.27,39.92,77.8,11.38,Equilibrado
"Atención de Enfermería, mención Adulto Mayor",4° medio,Necesidades psicosociales del adulto mayor,17.1,55,3.51,5,17.53,16.07,94.0,1.03,Ocupación alta
"Atención de Enfermería, mención Adulto Mayor",4° medio,Orientación familiar para el cuidado del adulto mayor,17.1,55,3.51,5,17.53,16.07,94.0,1.03,Ocupación alta
"Atención de Enfermería, mención Adulto Mayor",4° medio,Alimentación y nutrición del adulto mayor,25.65,67,3.94,5,19.7,22.0,85.8,3.65,Ocupación alta
"Atención de Enfermería, mención Adulto Mayor",4° medio,Atención de primeros auxilios del adulto mayor,17.1,55,3.51,5,17.53,16.07,94.0,1.03,Ocupación alta
"Atención de Enfermería, mención Adulto Mayor",4° medio,Administración de medicamentos,25.65,55,4.8,5,24.0,22.0,85.8,3.65,Ocupación alta
"Atención de Enfermería, mención Adulto Mayor",4° medio,Higiene y confort del adulto mayor,17.1,55,3.51,5,17.53,16.07,94.0,1.03,Ocupación alta
"Atención de Enfermería, mención Adulto Mayor",4° medio,Emprendimiento y empleabilidad,17.1,67,2.84,5,14.21,15.87,92.8,1.23,Ocupación alta
"Atención de Enfermería, mención Enfermería",3° medio,Aplicación de cuidados básicos,51.3,61,7.85,5,39.27,39.92,77.8,11.38,Equilibrado
"Atención de Enfermería, mención Enfermería",3° medio,Medición y control de parámetros básicos en salud,34.2,61,5.52,5,27.59,28.05,82.0,6.15,Equilibrado
"Atención de Enfermería, mención Enfermería",3° medio,Promoción de la salud y prevención de la enfermedad,42.75,61,6.69,5,33.45,34.0,79.5,8.75,Equilibrado
"Atención de Enfermería, mención Enfermería",3° medio,Higiene y bioseguridad del ambiente,42.75,55,7.4,5,36.99,33.9,79.3,8.85,Equilibrado
"Atención de Enfermería, mención Enfermería",4° medio,Sistemas de registro e información en salud,17.1,61,3.12,5,15.61,15.87,92.8,1.23,Ocupación alta
"Atención de Enfermería, mención Enfermería",4° medio,Prevención y control de infecciones intrahospitalarias,51.3,61,7.85,5,39.27,39.92,77.8,11.38,Equilibrado
"Atención de Enfermería, mención Enfermería",4° medio,Técnicas básicas de enfermería y del Programa Nacional de Inmunizaciones,51.3,67,7.17,5,35.84,40.02,78.0,11.28,Equilibrado
"Atención de Enfermería, mención Enfermería",4° medio,Atención en servicios de urgencia y primeros auxilios,51.3,61,7.85,5,39.27,39.92,77.8,11.38,Equilibrado
"Atención de Enfermería, mención Enfermería",4° medio,Preparación del entorno clínico,17.1,55,3.51,5,17.53,16.07,94.0,1.03,Ocupación alta
"Atención de Enfermería, mención Enfermería",4° medio,Emprendimiento y empleabilidad,17.1,67,2.84,5,14.21,15.87,92.8,1.23,Ocupación alta
"Gastronomía, mención Cocina",3° medio,Higiene para la elaboración de alimentos,51.3,67,7.17,5,35.84,40.02,78.0,11.28,Equilibrado
"Gastronomía, mención Cocina",3° medio,Elaboración de alimentos de baja complejidad,51.3,79,6.11,5,30.55,40.22,78.4,11.08,Equilibrado
"Gastronomía, mención Cocina",3° medio,Recepción y almacenamiento de insumos,17.1,61,3.12,5,15.61,15.87,92.8,1.23,Ocupación alta
"Gastronomía, mención Cocina",3° medio,Planificación de la producción gastronómica,17.1,61,3.12,5,15.61,15.87,92.8,1.23,Ocupación alta
"Gastronomía, mención Cocina",4° medio,"Preparación, diseño y montaje de buffet",34.2,61,5.52,5,27.59,28.05,82.0,6.15,Equilibrado
"Gastronomía, mención Cocina",4° medio,"Servicio de comedores, bares y salones",17.1,55,3.51,5,17.53,16.07,94.0,1.03,Ocupación alta
"Gastronomía, mención Cocina",4° medio,Cocina chilena,51.3,61,7.85,5,39.27,39.92,77.8,11.38,Equilibrado
"Gastronomía, mención Cocina",4° medio,Innovación y cocina internacional,51.3,67,7.17,5,35.84,40.02,78.0,11.28,Equilibrado
"Gastronomía, mención Cocina",4° medio,Elaboración de bebidas alcohólicas y analcohólicas,34.2,55,6.1,5,30.49,27.95,81.7,6.25,Equilibrado
"Gastronomía, mención Cocina",4° medio,Elaboración de menús y carta,34.2,55,6.1,5,30.49,27.95,81.7,6.25,Equilibrado
"Gastronomía, mención Cocina",4° medio,Emprendimiento y empleabilidad,17.1,67,2.84,5,14.21,15.87,92.8,1.23,Ocupación alta
"Gastronomía, mención Pastelería y Repostería",3° medio,Higiene para la elaboración de alimentos,51.3,67,7.17,5,35.84,40.02,78.0,11.28,Equilibrado
"Gastronomía, mención Pastelería y Repostería",3° medio,Elaboración de alimentos de baja complejidad,51.3,79,6.11,5,30.55,40.22,78.4,11.08,Equilibrado
"Gastronomía, mención Pastelería y Repostería",3° medio,Recepción y almacenamiento de insumos,17.1,61,3.12,5,15.61,15.87,92.8,1.23,Ocupación alta
"Gastronomía, mención Pastelería y Repostería",3° medio,Planificación de la producción gastronómica,17.1,61,3.12,5,15.61,15.87,92.8,1.23,Ocupación alta
"Gastronomía, mención Pastelería y Repostería",4° medio,"Preparación, diseño y montaje de buffet",34.2,61,5.52,5,27.59,28.05,82.0,6.15,Equilibrado
"Gastronomía, mención Pastelería y Repostería",4° medio,"Servicio de comedores, bares y salones",17.1,55,3.51,5,17.53,16.07,94.0,1.03,Ocupación alta
"Gastronomía, mención Pastelería y Repostería",4° medio,Elaboración de masas y pastas,51.3,55,8.73,5,43.66,40.02,78.0,11.28,Equilibrado
"Gastronomía, mención Pastelería y Repostería",4° medio,Elaboración de productos de repostería,25.65,55,4.8,5,24.0,22.0,85.8,3.65,Ocupación alta
"Gastronomía, mención Pastelería y Repostería",4° medio,Elaboración de productos de pastelería,51.3,67,7.17,5,35.84,40.02,78.0,11.28,Equilibrado
"Gastronomía, mención Pastelería y Repostería",4° medio,Innovación en la pastelería y repostería,42.75,55,7.4,5,36.99,33.9,79.3,8.85,Equilibrado
"Gastronomía, mención Pastelería y Repostería",4° medio,Emprendimiento y empleabilidad,17.1,67,2.84,5,14.21,15.87,92.8,1.23,Ocupación alta
Servicios de Hotelería,3° medio,Atención al cliente en servicios de hotelería,25.65,67,3.94,5,19.7,22.0,85.8,3.65,Ocupación alta
Servicios de Hotelería,3° medio,Servicio de habitaciones,51.3,67,7.17,5,35.84,40.02,78.0,11.28,Equilibrado
Servicios de Hotelería,3° medio,Actividades recreativas y de animación,17.1,55,3.51,5,17.53,16.07,94.0,1.03,Ocupación alta
Servicios de Hotelería,3° medio,Servicio de eventos,42.75,55,7.4,5,36.99,33.9,79.3,8.85,Equilibrado
Servicios de Hotelería,4° medio,Inglés técnico para la industria de la hospitalidad,51.3,61,7.85,5,39.27,39.92,77.8,11.38,Equilibrado
Servicios de Hotelería,4° medio,Información turística,34.2,61,5.52,5,27.59,28.05,82.0,6.15,Equilibrado
Servicios de Hotelería,4° medio,Servicio de recepción y reservas,51.3,67,7.17,5,35.84,40.02,78.0,11.28,Equilibrado
Servicios de Hotelería,4° medio,Servicio de coctelería y vinos,34.2,55,6.1,5,30.49,27.95,81.7,6.25,Equilibrado
Servicios de Hotelería,4° medio,Servicio de información bilingüe,51.3,61,7.85,5,39.27,39.92,77.8,11.38,Equilibrado
Servicios de Hotelería,4° medio,Emprendimiento y empleabilidad,17.1,67,2.84,5,14.21,15.87,92.8,1.23,Ocupación alta
Contabilidad,3° medio,Contabilización de operaciones comerciales,51.3,61,7.94,5,39.7,40.37,78.7,10.93,Equilibrado
Contabilidad,3° medio,Cálculo y registro de remuneraciones,51.3,55,8.79,5,43.93,40.27,78.5,11.03,Equilibrado
Contabilidad,3° medio,Control y procesamiento de información contable,51.3,67,7.21,5,36.06,40.27,78.5,11.03,Equilibrado
Contabilidad,3° medio,Organización y métodos de trabajo en la oficina,17.1,61,3.23,5,16.15,16.42,96.0,0.68,Margen crítico
Contabilidad,4° medio,Atención de clientes,17.1,55,3.58,5,17.91,16.42,96.0,0.68,Margen crítico
Contabilidad,4° medio,Elaboración de informes contables,34.2,55,6.2,5,31.02,28.43,83.1,5.77,Equilibrado
Contabilidad,4° medio,Cálculo y registro de impuestos,51.3,61,7.94,5,39.7,40.37,78.7,10.93,Equilibrado
Contabilidad,4° medio,Registro de operaciones de comercio nacional e internacional,34.2,61,5.55,5,27.77,28.23,82.6,5.97,Equilibrado
Contabilidad,4° medio,Procesamiento de información contable-financiera,51.3,73,6.65,5,33.26,40.47,78.9,10.83,Equilibrado
Contabilidad,4° medio,Emprendimiento y empleabilidad,17.1,67,2.98,5,14.88,16.62,97.2,0.48,Margen crítico
Elaboración Industrial de Alimentos,3° medio,Recepción de materias primas,42.75,55,7.49,5,37.47,34.35,80.4,8.4,Equilibrado
Elaboración Industrial de Alimentos,3° medio,Almacenaje y bodega de alimentos e insumos alimentarios,42.75,55,7.49,5,37.47,34.35,80.4,8.4,Equilibrado
Elaboración Industrial de Alimentos,3° medio,Elaboración de alimentos e higiene,51.3,67,7.21,5,36.06,40.27,78.5,11.03,Equilibrado
Elaboración Industrial de Alimentos,3° medio,Aseguramiento de la calidad de procesos y alimentos,51.3,55,8.79,5,43.93,40.27,78.5,11.03,Equilibrado
Elaboración Industrial de Alimentos,4° medio,Tratamientos de conservación de alimentos,51.3,61,7.94,5,39.7,40.37,78.7,10.93,Equilibrado
Elaboración Industrial de Alimentos,4° medio,Control y registro de procesos de la industria de alimentos,51.3,55,8.79,5,43.93,40.27,78.5,11.03,Equilibrado
Elaboración Industrial de Alimentos,4° medio,Manejo de desechos de la industria de alimentos,25.65,55,4.87,5,24.36,22.33,87.1,3.32,Ocupación alta
Elaboración Industrial de Alimentos,4° medio,Envasado y rotulación de alimentos,42.75,61,6.78,5,33.89,34.45,80.6,8.3,Equilibrado
Elaboración Industrial de Alimentos,4° medio,Emprendimiento y empleabilidad,17.1,67,2.98,5,14.88,16.62,97.2,0.48,Margen crítico
Vestuario y Confección Textil,3° medio,Patronaje computacional,51.3,67,7.21,5,36.06,40.27,78.5,11.03,Equilibrado
Vestuario y Confección Textil,3° medio,Elaboración de fichas técnicas,25.65,67,4.0,5,20.0,22.33,87.1,3.32,Ocupación alta
Vestuario y Confección Textil,3° medio,Mantenimiento de máquinas,17.1,55,3.58,5,17.91,16.42,96.0,0.68,Margen crítico
Vestuario y Confección Textil,3° medio,"Tendido, trazado y corte de telas",42.75,79,5.19,5,25.94,34.15,79.9,8.6,Equilibrado
Vestuario y Confección Textil,4° medio,Confección y terminaciones,51.3,73,6.65,5,33.26,40.47,78.9,10.83,Equilibrado
Vestuario y Confección Textil,4° medio,Diseño computacional de artículos y vestuario,42.75,55,7.49,5,37.47,34.35,80.4,8.4,Equilibrado
Vestuario y Confección Textil,4° medio,Patronaje y escalado industrial,51.3,67,7.21,5,36.06,40.27,78.5,11.03,Equilibrado
Vestuario y Confección Textil,4° medio,Procesos de confección industrial,51.3,67,7.21,5,36.06,40.27,78.5,11.03,Equilibrado
Vestuario y Confección Textil,4° medio,Control de calidad,25.65,55,4.87,5,24.36,22.33,87.1,3.32,Ocupación alta
Vestuario y Confección Textil,4° medio,Emprendimiento y empleabilidad,17.1,67,2.98,5,14.88,16.62,97.2,0.48,Margen crítico
Instalaciones Sanitarias,3° medio,Lectura de planos de instalaciones sanitarias,17.1,61,3.23,5,16.15,16.42,96.0,0.68,Margen crítico
Instalaciones Sanitarias,3° medio,Trazado de redes,51.3,61,7.94,5,39.7,40.37,78.7,10.93,Equilibrado
Instalaciones Sanitarias,3° medio,Instalación de redes de agua potable,51.3,73,6.65,5,33.26,40.47,78.9,10.83,Equilibrado
Instalaciones Sanitarias,3° medio,Instalación de redes de alcantarillado,51.3,61,7.94,5,39.7,40.37,78.7,10.93,Equilibrado
Instalaciones Sanitarias,4° medio,Instalación de redes para riego agrícola,17.1,67,2.98,5,14.88,16.62,97.2,0.48,Margen crítico
Instalaciones Sanitarias,4° medio,Cubicación en instalaciones sanitarias,51.3,73,6.65,5,33.26,40.47,78.9,10.83,Equilibrado
Instalaciones Sanitarias,4° medio,Instalación de artefactos sanitarios,51.3,55,8.79,5,43.93,40.27,78.5,11.03,Equilibrado
Instalaciones Sanitarias,4° medio,Instalación de gas,34.2,61,5.55,5,27.77,28.23,82.6,5.97,Equilibrado
Instalaciones Sanitarias,4° medio,Mantenimiento de redes y artefactos,34.2,61,5.55,5,27.77,28.23,82.6,5.97,Equilibrado
Instalaciones Sanitarias,4° medio,Emprendimiento y empleabilidad,17.1,67,2.98,5,14.88,16.62,97.2,0.48,Margen crítico
Montaje Industrial,3° medio,Unión y reparación de elementos metálicos,51.3,61,7.94,5,39.7,40.37,78.7,10.93,Equilibrado
Montaje Industrial,3° medio,Dibujo e interpretación de planos de montaje,51.3,67,7.21,5,36.06,40.27,78.5,11.03,Equilibrado
Montaje Industrial,3° medio,"Mediciones, trazados y cálculos de montaje industrial",51.3,73,6.65,5,33.26,40.47,78.9,10.83,Equilibrado
Montaje Industrial,3° medio,Maniobras de levante de cargas,34.2,55,6.2,5,31.02,28.43,83.1,5.77,Equilibrado
Montaje Industrial,4° medio,Tratamientos superficiales y manejo de residuos,51.3,61,7.94,5,39.7,40.37,78.7,10.93,Equilibrado
Montaje Industrial,4° medio,Fijación y montaje de elementos,34.2,73,4.69,5,23.45,28.53,83.4,5.67,Equilibrado
Montaje Industrial,4° medio,Mantenimiento industrial,34.2,55,6.2,5,31.02,28.43,83.1,5.77,Equilibrado
Montaje Industrial,4° medio,Cubicación de proyectos,51.3,55,8.79,5,43.93,40.27,78.5,11.03,Equilibrado
Montaje Industrial,4° medio,Emprendimiento y empleabilidad,17.1,67,2.98,5,14.88,16.62,97.2,0.48,Margen crítico
Electrónica,3° medio,Proyectos electrónicos,42.75,73,5.63,5,28.15,34.25,80.1,8.5,Equilibrado
Electrónica,3° medio,Armado y reparación de circuitos electrónicos,51.3,67,7.21,5,36.06,40.27,78.5,11.03,Equilibrado
Electrónica,3° medio,Ensamblaje y mantención de sistemas y equipos digitales,51.3,67,7.21,5,36.06,40.27,78.5,11.03,Equilibrado
Electrónica,3° medio,Sistemas de control domótico,42.75,67,6.19,5,30.94,34.55,80.8,8.2,Equilibrado
Electrónica,4° medio,Mantención y operación de equipos de control electrónico de potencia,34.2,67,5.09,5,25.46,28.43,83.1,5.77,Equilibrado
Electrónica,4° medio,Detección de fallas industriales,34.2,67,5.09,5,25.46,28.43,83.1,5.77,Equilibrado
Electrónica,4° medio,Operación y programación de equipos de control eléctrico industrial,34.2,67,5.09,5,25.46,28.43,83.1,5.77,Equilibrado
Electrónica,4° medio,Montaje de equipos industriales,34.2,67,5.09,5,25.46,28.43,83.1,5.77,Equilibrado
Electrónica,4° medio,Automatización industrial,34.2,73,4.69,5,23.45,28.53,83.4,5.67,Equilibrado
Electrónica,4° medio,Emprendimiento y empleabilidad,17.1,67,2.98,5,14.88,16.62,97.2,0.48,Margen crítico
Dibujo Técnico,3° medio,Lectura de planos y documentos técnicos,17.1,55,3.58,5,17.91,16.42,96.0,0.68,Margen crítico
Dibujo Técnico,3° medio,Dibujo manual de levantamientos,34.2,55,6.2,5,31.02,28.43,83.1,5.77,Equilibrado
Dibujo Técnico,3° medio,Dibujo digital de proyectos de arquitectura,51.3,67,7.21,5,36.06,40.27,78.5,11.03,Equilibrado
Dibujo Técnico,3° medio,Dibujo digital de piezas y conjuntos mecánicos,42.75,67,6.19,5,30.94,34.55,80.8,8.2,Equilibrado
Dibujo Técnico,4° medio,Maquetas virtuales,42.75,61,6.78,5,33.89,34.45,80.6,8.3,Equilibrado
Dibujo Técnico,4° medio,Dibujo digital de instalaciones domiciliarias,42.75,67,6.19,5,30.94,34.55,80.8,8.2,Equilibrado
Dibujo Técnico,4° medio,Dibujo digital de sistemas constructivos,42.75,67,6.19,5,30.94,34.55,80.8,8.2,Equilibrado
Dibujo Técnico,4° medio,Dibujo digital de montaje industrial,34.2,67,5.09,5,25.46,28.43,83.1,5.77,Equilibrado
Dibujo Técnico,4° medio,Cubicación de proyectos,34.2,61,5.55,5,27.77,28.23,82.6,5.97,Equilibrado
Dibujo Técnico,4° medio,Impresión y reproducción de planos,17.1,61,3.23,5,16.15,16.42,96.0,0.68,Margen crítico
Dibujo Técnico,4° medio,Emprendimiento y empleabilidad,17.1,67,2.98,5,14.88,16.62,97.2,0.48,Margen crítico
Gráfica,3° medio,Verificación y preparación de archivos digitales,51.3,55,8.79,5,43.93,40.27,78.5,11.03,Equilibrado
Gráfica,3° medio,Preparación de la máquina impresora,51.3,61,7.94,5,39.7,40.37,78.7,10.93,Equilibrado
Gráfica,3° medio,Impresión del producto gráfico,51.3,67,7.21,5,36.06,40.27,78.5,11.03,Equilibrado
Gráfica,3° medio,Materiales e insumos de la industria gráfica,34.2,61,5.55,5,27.77,28.23,82.6,5.97,Equilibrado
Gráfica,4° medio,Encuadernación del producto impreso,34.2,61,5.55,5,27.77,28.23,82.6,5.97,Equilibrado
Gráfica,4° medio,Imposición de archivos y obtención de prueba de color,51.3,55,8.79,5,43.93,40.27,78.5,11.03,Equilibrado
Gráfica,4° medio,Salida del archivo a matriz impresora e impresión digital,51.3,55,8.79,5,43.93,40.27,78.5,11.03,Equilibrado
Gráfica,4° medio,Postimpresión en embalajes y recubrimientos a impresos,34.2,55,6.2,5,31.02,28.43,83.1,5.77,Equilibrado
Gráfica,4° medio,Emprendimiento y empleabilidad,17.1,67,2.98,5,14.88,16.62,97.2,0.48,Margen crítico
Servicios de Turismo,3° medio,Sistemas de reservas,42.75,67,6.19,5,30.94,34.55,80.8,8.2,Equilibrado
Servicios de Turismo,3° medio,Atención turística al cliente,17.1,55,3.58,5,17.91,16.42,96.0,0.68,Margen crítico
Servicios de Turismo,3° medio,"Patrimonio, cultura y atractivos turísticos de Chile",51.3,67,7.21,5,36.06,40.27,78.5,11.03,Equilibrado
Servicios de Turismo,3° medio,Prevención y seguridad en programas turísticos,42.75,67,6.19,5,30.94,34.55,80.8,8.2,Equilibrado
Servicios de Turismo,4° medio,Inglés para la comunicación oral en turismo,34.2,55,6.2,5,31.02,28.43,83.1,5.77,Equilibrado
Servicios de Turismo,4° medio,"Patrimonio, cultura y atractivos turísticos del mundo",34.2,61,5.55,5,27.77,28.23,82.6,5.97,Equilibrado
Servicios de Turismo,4° medio,Conducción de grupos turísticos,51.3,67,7.21,5,36.06,40.27,78.5,11.03,Equilibrado
Servicios de Turismo,4° medio,Elaboración de programas turísticos,51.3,55,8.79,5,43.93,40.27,78.5,11.03,Equilibrado
Servicios de Turismo,4° medio,Inglés para la comunicación escrita en turismo,34.2,61,5.55,5,27.77,28.23,82.6,5.97,Equilibrado
Servicios de Turismo,4° medio,Emprendimiento y empleabilidad,17.1,67,2.98,5,14.88,16.62,97.2,0.48,Margen crítico
Forestal,3° medio,Producción de plantas y repoblación,51.3,61,7.94,5,39.7,40.37,78.7,10.93,Equilibrado
Forestal,3° medio,Mediciones forestales,51.3,61,7.94,5,39.7,40.37,78.7,10.93,Equilibrado
Forestal,3° medio,Control de plagas y enfermedades forestales,51.3,61,7.94,5,39.7,40.37,78.7,10.93,Equilibrado
Forestal,3° medio,Uso y mantenimiento de herramientas y máquinas,34.2,73,4.69,5,23.45,28.53,83.4,5.67,Equilibrado
Forestal,4° medio,Operaciones silvícolas,51.3,61,7.94,5,39.7,40.37,78.7,10.93,Equilibrado
Forestal,4° medio,Operaciones de cosecha forestal,34.2,55,6.2,5,31.02,28.43,83.1,5.77,Equilibrado
Forestal,4° medio,Control de la producción forestal,34.2,67,5.09,5,25.46,28.43,83.1,5.77,Equilibrado
Forestal,4° medio,Técnicas de prevención y combate de incendios forestales,51.3,61,7.94,5,39.7,40.37,78.7,10.93,Equilibrado
Forestal,4° medio,Emprendimiento y empleabilidad,17.1,67,2.98,5,14.88,16.62,97.2,0.48,Margen crítico
Muebles y Terminaciones en Madera,3° medio,Abastecimiento y despacho,51.3,85,5.74,5,28.71,40.67,79.3,10.63,Equilibrado
Muebles y Terminaciones en Madera,3° medio,Fabricación de componentes de carpintería y muebles,51.3,73,6.65,5,33.26,40.47,78.9,10.83,Equilibrado
Muebles y Terminaciones en Madera,3° medio,Cubicaciones,34.2,61,5.55,5,27.77,28.23,82.6,5.97,Equilibrado
Muebles y Terminaciones en Madera,3° medio,"Aseguramiento de la calidad, seguridad y cuidado del medio ambiente",17.1,61,3.23,5,16.15,16.42,96.0,0.68,Margen crítico
Muebles y Terminaciones en Madera,4° medio,Representación gráfica de muebles y elementos de carpintería,34.2,61,5.55,5,27.77,28.23,82.6,5.97,Equilibrado
Muebles y Terminaciones en Madera,4° medio,Armado de estructuras,51.3,67,7.21,5,36.06,40.27,78.5,11.03,Equilibrado
Muebles y Terminaciones en Madera,4° medio,Terminaciones de muebles y elementos de carpintería,51.3,73,6.65,5,33.26,40.47,78.9,10.83,Equilibrado
Muebles y Terminaciones en Madera,4° medio,Instalación de muebles y elementos de carpintería,34.2,67,5.09,5,25.46,28.43,83.1,5.77,Equilibrado
Muebles y Terminaciones en Madera,4° medio,"Mantenimiento de máquinas, equipos y herramientas",34.2,61,5.55,5,27.77,28.23,82.6,5.97,Equilibrado
Muebles y Terminaciones en Madera,4° medio,Emprendimiento y empleabilidad,17.1,67,2.98,5,14.88,16.62,97.2,0.48,Margen crítico
Acuicultura,3° medio,"Manejo de reproductores, desove y crías de larvas de especies hidrobiológicas",51.3,73,6.65,5,33.26,40.47,78.9,10.83,Equilibrado
Acuicultura,3° medio,Engorde de especies acuícolas,51.3,73,6.65,5,33.26,40.47,78.9,10.83,Equilibrado
Acuicultura,3° medio,"Operación de sistemas, equipos y maquinarias",51.3,67,7.21,5,36.06,40.27,78.5,11.03,Equilibrado
Acuicultura,3° medio,"Seguridad, prevención de riesgos y cuidado del medio ambiente",34.2,61,5.55,5,27.77,28.23,82.6,5.97,Equilibrado
Acuicultura,4° medio,Cosecha de especies acuícolas,51.3,61,7.94,5,39.7,40.37,78.7,10.93,Equilibrado
Acuicultura,4° medio,Captación de semillas,34.2,61,5.55,5,27.77,28.23,82.6,5.97,Equilibrado
Acuicultura,4° medio,Trabajos subacuáticos en acuicultura,51.3,61,7.94,5,39.7,40.37,78.7,10.93,Equilibrado
Acuicultura,4° medio,Manejo de información acuícola,34.2,61,5.55,5,27.77,28.23,82.6,5.97,Equilibrado
Acuicultura,4° medio,Emprendimiento y empleabilidad,17.1,67,2.98,5,14.88,16.62,97.2,0.48,Margen crítico
Operaciones Portuarias,3° medio,Documentación en la operación portuaria,59.85,61,9.1,5,45.51,46.27,77.3,13.58,Equilibrado
Operaciones Portuarias,3° medio,Consolidación y desconsolidación de contenedores,51.3,67,7.21,5,36.06,40.27,78.5,11.03,Equilibrado
Operaciones Portuarias,3° medio,Seguridad y prevención de riesgos en faenas portuarias,34.2,61,5.55,5,27.77,28.23,82.6,5.97,Equilibrado
Operaciones Portuarias,3° medio,Operación de movilización y distribución de cargas,42.75,61,6.78,5,33.89,34.45,80.6,8.3,Equilibrado
Operaciones Portuarias,4° medio,Tramitación y documentación de recepción y despacho de carga,51.3,61,7.94,5,39.7,40.37,78.7,10.93,Equilibrado
Operaciones Portuarias,4° medio,Estiba y desestiba de naves mercantes,42.75,61,6.78,5,33.89,34.45,80.6,8.3,Equilibrado
Operaciones Portuarias,4° medio,Tramitación de movilización y distribución de cargas,42.75,61,6.78,5,33.89,34.45,80.6,8.3,Equilibrado
Operaciones Portuarias,4° medio,Organización y almacenamiento de cargas en zonas de depósito,34.2,67,5.09,5,25.46,28.43,83.1,5.77,Equilibrado
Operaciones Portuarias,4° medio,Emprendimiento y empleabilidad,17.1,67,2.98,5,14.88,16.62,97.2,0.48,Margen crítico
Pesquería,3° medio,Navegación y meteorología,51.3,61,7.94,5,39.7,40.37,78.7,10.93,Equilibrado
Pesquería,3° medio,"Armado, mantenimiento y reparación de implementos de pesca",51.3,79,6.18,5,30.89,40.67,79.3,10.63,Equilibrado
Pesquería,3° medio,Tratamientos de conservación y manipulación de recursos hidrobiológicos,51.3,61,7.94,5,39.7,40.37,78.7,10.93,Equilibrado
Pesquería,3° medio,Prevención de riesgos en el mar,34.2,61,5.55,5,27.77,28.23,82.6,5.97,Equilibrado
Pesquería,4° medio,Primeros auxilios,34.2,73,4.69,5,23.45,28.53,83.4,5.67,Equilibrado
Pesquería,4° medio,Maniobras y operación de artes de pesca,51.3,67,7.21,5,36.06,40.27,78.5,11.03,Equilibrado
Pesquería,4° medio,Gestión de planes y proyectos de manejo y emprendimiento pesquero,51.3,73,6.65,5,33.26,40.47,78.9,10.83,Equilibrado
Pesquería,4° medio,Comunicaciones marítimas,34.2,67,5.09,5,25.46,28.43,83.1,5.77,Equilibrado
Pesquería,4° medio,Emprendimiento y empleabilidad,17.1,67,2.98,5,14.88,16.62,97.2,0.48,Margen crítico
Tripulación de Naves Mercantes y Especiales,3° medio,Operación de equipos de maniobras de cubierta,51.3,67,7.21,5,36.06,40.27,78.5,11.03,Equilibrado
Tripulación de Naves Mercantes y Especiales,3° medio,Mantenimiento de máquinas de cubierta,51.3,67,7.21,5,36.06,40.27,78.5,11.03,Equilibrado
Tripulación de Naves Mercantes y Especiales,3° medio,Prevención de riesgos en el mar,51.3,67,7.21,5,36.06,40.27,78.5,11.03,Equilibrado
Tripulación de Naves Mercantes y Especiales,3° medio,Operación puente de gobierno,34.2,67,5.09,5,25.46,28.43,83.1,5.77,Equilibrado
Tripulación de Naves Mercantes y Especiales,4° medio,Primeros auxilios,34.2,73,4.69,5,23.45,28.53,83.4,5.67,Equilibrado
Tripulación de Naves Mercantes y Especiales,4° medio,Operación de máquinas propulsoras y auxiliares,51.3,67,7.21,5,36.06,40.27,78.5,11.03,Equilibrado
Tripulación de Naves Mercantes y Especiales,4° medio,Mantenimiento de máquinas marinas,51.3,61,7.94,5,39.7,40.37,78.7,10.93,Equilibrado
Tripulación de Naves Mercantes y Especiales,4° medio,Comunicaciones,34.2,67,5.09,5,25.46,28.43,83.1,5.77,Equilibrado
Tripulación de Naves Mercantes y Especiales,4° medio,Emprendimiento y empleabilidad,17.1,67,2.98,5,14.88,16.62,97.2,0.48,Margen crítico
Construcciones Metálicas,3° medio,Lectura y dibujo de planos en construcciones metálicas,42.75,67,6.19,5,30.94,34.55,80.8,8.2,Equilibrado
Construcciones Metálicas,3° medio,Trazado de partes y piezas en construcciones metálicas,51.3,55,8.79,5,43.93,40.27,78.5,11.03,Equilibrado
Construcciones Metálicas,3° medio,Mantenimiento de equipos y herramientas en construcciones metálicas,42.75,61,6.78,5,33.89,34.45,80.6,8.3,Equilibrado
Construcciones Metálicas,3° medio,Mecanizado de partes y piezas metálicas,51.3,55,8.79,5,43.93,40.27,78.5,11.03,Equilibrado
Construcciones Metálicas,4° medio,Corte y soldadura en construcciones metálicas,51.3,79,6.18,5,30.89,40.67,79.3,10.63,Equilibrado
Construcciones Metálicas,4° medio,Armado y montaje en construcciones metálicas,51.3,61,7.94,5,39.7,40.37,78.7,10.93,Equilibrado
Construcciones Metálicas,4° medio,Protección de estructuras y tratamientos de residuos,42.75,85,4.81,5,24.04,34.05,79.6,8.7,Equilibrado
Construcciones Metálicas,4° medio,Cubicación de materiales e insumos en construcciones metálicas,25.65,61,4.39,5,21.97,22.33,87.1,3.32,Ocupación alta
Construcciones Metálicas,4° medio,Emprendimiento y empleabilidad,17.1,67,2.98,5,14.88,16.62,97.2,0.48,Margen crítico
Mecánica Automotriz,3° medio,Ajuste de motores,51.3,67,7.21,5,36.06,40.27,78.5,11.03,Equilibrado
Mecánica Automotriz,3° medio,Lectura de planos y manuales técnicos,34.2,61,5.55,5,27.77,28.23,82.6,5.97,Equilibrado
Mecánica Automotriz,3° medio,Manejo de residuos y desechos automotrices,17.1,55,3.58,5,17.91,16.42,96.0,0.68,Margen crítico
Mecánica Automotriz,3° medio,Mantenimiento de sistemas de seguridad y confortabilidad,34.2,67,5.09,5,25.46,28.43,83.1,5.77,Equilibrado
Mecánica Automotriz,4° medio,Mantenimiento de sistemas eléctricos y electrónicos,51.3,67,7.21,5,36.06,40.27,78.5,11.03,Equilibrado
Mecánica Automotriz,4° medio,Mantenimiento de motores,42.75,61,6.78,5,33.89,34.45,80.6,8.3,Equilibrado
Mecánica Automotriz,4° medio,Mantenimiento de sistemas hidráulicos y neumáticos,42.75,73,5.63,5,28.15,34.25,80.1,8.5,Equilibrado
Mecánica Automotriz,4° medio,Mantenimiento de los sistemas de transmisión y frenos,42.75,61,6.78,5,33.89,34.45,80.6,8.3,Equilibrado
Mecánica Automotriz,4° medio,Mantenimiento de sistemas de dirección y suspensión,42.75,73,5.63,5,28.15,34.25,80.1,8.5,Equilibrado
Mecánica Automotriz,4° medio,Emprendimiento y empleabilidad,17.1,67,2.98,5,14.88,16.62,97.2,0.48,Margen crítico
Mecánica de Mantenimiento de Aeronaves,3° medio,Reparación y remplazo de elementos estructurales de la aeronave,51.3,61,7.94,5,39.7,40.37,78.7,10.93,Equilibrado
Mecánica de Mantenimiento de Aeronaves,3° medio,Detección de fallas en instrumentos y sistemas de navegación y comunicación de la aeronave,51.3,67,7.21,5,36.06,40.27,78.5,11.03,Equilibrado
Mecánica de Mantenimiento de Aeronaves,3° medio,Mantenimiento de los controles de vuelo de la aeronave,34.2,67,5.09,5,25.46,28.43,83.1,5.77,Equilibrado
Mecánica de Mantenimiento de Aeronaves,3° medio,"Inglés técnico de estructura, controles de vuelo y sistemas de navegación y comunicación de la aeronave",17.1,61,3.23,5,16.15,16.42,96.0,0.68,Margen crítico
Mecánica de Mantenimiento de Aeronaves,4° medio,Lectura e interpretación de manuales de mantenimiento de aeronaves,17.1,61,3.23,5,16.15,16.42,96.0,0.68,Margen crítico
Mecánica de Mantenimiento de Aeronaves,4° medio,Normativa de mantenimiento aeronáutico,17.1,61,3.23,5,16.15,16.42,96.0,0.68,Margen crítico
Mecánica de Mantenimiento de Aeronaves,4° medio,Mantenimiento de las unidades y sistemas asociados al motor recíproco,51.3,67,7.21,5,36.06,40.27,78.5,11.03,Equilibrado
Mecánica de Mantenimiento de Aeronaves,4° medio,Mantenimiento de las unidades y sistemas asociados al motor a reacción,51.3,67,7.21,5,36.06,40.27,78.5,11.03,Equilibrado
Mecánica de Mantenimiento de Aeronaves,4° medio,Mantenimiento de los sistemas de la aeronave,51.3,67,7.21,5,36.06,40.27,78.5,11.03,Equilibrado
Mecánica de Mantenimiento de Aeronaves,4° medio,Inglés técnico de mantenimiento de aeronaves,17.1,67,2.98,5,14.88,16.62,97.2,0.48,Margen crítico
Mecánica de Mantenimiento de Aeronaves,4° medio,Emprendimiento y empleabilidad,17.1,67,2.98,5,14.88,16.62,97.2,0.48,Margen crítico
Asistencia en Geología,3° medio,Preparación e instalación de campamentos,42.75,55,7.49,5,37.47,34.35,80.4,8.4,Equilibrado
Asistencia en Geología,3° medio,Marco legal y seguridad en geología,42.75,61,6.78,5,33.89,34.45,80.6,8.3,Equilibrado
Asistencia en Geología,3° medio,Clasificación de rocas y minerales,59.85,61,9.1,5,45.51,46.27,77.3,13.58,Equilibrado
Asistencia en Geología,3° medio,Lectura y elaboración de mapas topográficos y geológicos,42.75,73,5.63,5,28.15,34.25,80.1,8.5,Equilibrado
Asistencia en Geología,4° medio,Prospección geológica con sondajes,51.3,61,7.94,5,39.7,40.37,78.7,10.93,Equilibrado
Asistencia en Geología,4° medio,Técnicas de muestreo geológico,59.85,73,7.59,5,37.95,46.17,77.1,13.68,Equilibrado
Asistencia en Geología,4° medio,Registro y transferencia de información geológica,34.2,61,5.55,5,27.77,28.23,82.6,5.97,Equilibrado
Asistencia en Geología,4° medio,Transporte y mantenimiento de equipos e instrumentos geológicos,25.65,55,4.87,5,24.36,22.33,87.1,3.32,Ocupación alta
Asistencia en Geología,4° medio,Emprendimiento y empleabilidad,17.1,67,2.98,5,14.88,16.62,97.2,0.48,Margen crítico
Explotación Minera,3° medio,Lectura de planos de ubicación y de tronadura,34.2,67,5.09,5,25.46,28.43,83.1,5.77,Equilibrado
Explotación Minera,3° medio,Fortificación de minas subterráneas y a cielo abierto,51.3,61,7.94,5,39.7,40.37,78.7,10.93,Equilibrado
Explotación Minera,3° medio,Perforación y tronadura en faenas mineras,51.3,79,6.18,5,30.89,40.67,79.3,10.63,Equilibrado
Explotación Minera,3° medio,Marco legal y seguridad en plantas de explotación minera,51.3,61,7.94,5,39.7,40.37,78.7,10.93,Equilibrado
Explotación Minera,4° medio,Ventilación secundaria y drenaje de minas,34.2,67,5.09,5,25.46,28.43,83.1,5.77,Equilibrado
Explotación Minera,4° medio,Muestreo en explotaciones mineras,51.3,67,7.21,5,36.06,40.27,78.5,11.03,Equilibrado
Explotación Minera,4° medio,"Cubicación, carguío y transporte",34.2,73,4.69,5,23.45,28.53,83.4,5.67,Equilibrado
Explotación Minera,4° medio,Chancado primario de minerales,51.3,67,7.21,5,36.06,40.27,78.5,11.03,Equilibrado
Explotación Minera,4° medio,Emprendimiento y empleabilidad,17.1,67,2.98,5,14.88,16.62,97.2,0.48,Margen crítico
Metalurgia Extractiva,3° medio,Laboratorio y análisis químico,42.75,61,6.78,5,33.89,34.45,80.6,8.3,Equilibrado
Metalurgia Extractiva,3° medio,Muestreo y control de procesos,42.75,61,6.78,5,33.89,34.45,80.6,8.3,Equilibrado
Metalurgia Extractiva,3° medio,Control de inventario,51.3,61,7.94,5,39.7,40.37,78.7,10.93,Equilibrado
Metalurgia Extractiva,3° medio,Legislación y prevención de riesgos en la minería,51.3,55,8.79,5,43.93,40.27,78.5,11.03,Equilibrado
Metalurgia Extractiva,4° medio,Transformación mecánica de los minerales,34.2,61,5.55,5,27.77,28.23,82.6,5.97,Equilibrado
Metalurgia Extractiva,4° medio,Acondicionamiento químico de los minerales,42.75,61,6.78,5,33.89,34.45,80.6,8.3,Equilibrado
Metalurgia Extractiva,4° medio,Técnicas de hidrometalurgia,51.3,67,7.21,5,36.06,40.27,78.5,11.03,Equilibrado
Metalurgia Extractiva,4° medio,Fundición y refinería,42.75,61,6.78,5,33.89,34.45,80.6,8.3,Equilibrado
Metalurgia Extractiva,4° medio,Emprendimiento y empleabilidad,17.1,67,2.98,5,14.88,16.62,97.2,0.48,Margen crítico
Atención de Párvulos,3° medio,Material didáctico y de ambientación,51.3,61,7.94,5,39.7,40.37,78.7,10.93,Equilibrado
Atención de Párvulos,3° medio,Expresión musical para párvulos,34.2,61,5.55,5,27.77,28.23,82.6,5.97,Equilibrado
Atención de Párvulos,3° medio,Relación con la familia,17.1,61,3.23,5,16.15,16.42,96.0,0.68,Margen crítico
Atención de Párvulos,3° medio,Salud en párvulos,34.2,73,4.69,5,23.45,28.53,83.4,5.67,Equilibrado
Atención de Párvulos,4° medio,Recreación y bienestar de los párvulos,51.3,61,7.94,5,39.7,40.37,78.7,10.93,Equilibrado
Atención de Párvulos,4° medio,Actividades educativas para párvulos,59.85,73,7.59,5,37.95,46.17,77.1,13.68,Equilibrado
Atención de Párvulos,4° medio,Expresión literaria y teatral con párvulos,51.3,61,7.94,5,39.7,40.37,78.7,10.93,Equilibrado
Atención de Párvulos,4° medio,Alimentación de los párvulos,25.65,55,4.87,5,24.36,22.33,87.1,3.32,Ocupación alta
Atención de Párvulos,4° medio,Higiene y seguridad de los párvulos,34.2,73,4.69,5,23.45,28.53,83.4,5.67,Equilibrado
Atención de Párvulos,4° medio,Emprendimiento y empleabilidad,17.1,67,2.98,5,14.88,16.62,97.2,0.48,Margen crítico
Conectividad y Redes,3° medio,Instalación de redes de área local cableadas e inalámbricas,51.3,79,6.18,5,30.89,40.67,79.3,10.63,Equilibrado
Conectividad y Redes,3° medio,Ensamblado y configuración de computadores y equipos terminales portátiles,51.3,73,6.65,5,33.26,40.47,78.9,10.83,Equilibrado
Conectividad y Redes,3° medio,Instalación y explotación de software de aplicaciones productivas,34.2,55,6.2,5,31.02,28.43,83.1,5.77,Equilibrado
Conectividad y Redes,3° medio,Configuración y puesta en servicio de aplicaciones en redes de área local,51.3,61,7.94,5,39.7,40.37,78.7,10.93,Equilibrado
Conectividad y Redes,4° medio,Configuración de la seguridad en redes de área local,34.2,61,5.55,5,27.77,28.23,82.6,5.97,Equilibrado
Conectividad y Redes,4° medio,Mantenimiento y actualización de hardware en redes de área local,51.3,61,7.94,5,39.7,40.37,78.7,10.93,Equilibrado
Conectividad y Redes,4° medio,Mantenimiento y actualización de software en redes de área local,51.3,55,8.79,5,43.93,40.27,78.5,11.03,Equilibrado
Conectividad y Redes,4° medio,Recuperación y respaldo de información en redes de área local,34.2,61,5.55,5,27.77,28.23,82.6,5.97,Equilibrado
Conectividad y Redes,4° medio,Emprendimiento y empleabilidad,17.1,67,2.98,5,14.88,16.62,97.2,0.48,Margen crítico
Programación,3° medio,Programación y bases de datos,51.3,61,7.94,5,39.7,40.37,78.7,10.93,Equilibrado
Programación,3° medio,Instalación y configuración de equipos informáticos,42.75,61,6.78,5,33.89,34.45,80.6,8.3,Equilibrado
Programación,3° medio,Soporte a usuarios y productividad,51.3,73,6.65,5,33.26,40.47,78.9,10.83,Equilibrado
Programación,3° medio,Sistemas operativos,42.75,55,7.49,5,37.47,34.35,80.4,8.4,Equilibrado
Programación,4° medio,Diseño de bases de datos relacionales,34.2,67,5.09,5,25.46,28.43,83.1,5.77,Equilibrado
Programación,4° medio,Programación orientada a objetos,51.3,67,7.21,5,36.06,40.27,78.5,11.03,Equilibrado
Programación,4° medio,Administración de bases de datos,34.2,55,6.2,5,31.02,28.43,83.1,5.77,Equilibrado
Programación,4° medio,Desarrollo de aplicaciones web,51.3,61,7.94,5,39.7,40.37,78.7,10.93,Equilibrado
Programación,4° medio,Emprendimiento y empleabilidad,17.1,67,2.98,5,14.88,16.62,97.2,0.48,Margen crítico
Telecomunicaciones,3° medio,Operaciones y fundamentos de las telecomunicaciones,25.65,61,4.39,5,21.97,22.33,87.1,3.32,Ocupación alta
Telecomunicaciones,3° medio,Instalación y mantenimiento básico de un terminal informático,34.2,67,5.09,5,25.46,28.43,83.1,5.77,Equilibrado
Telecomunicaciones,3° medio,Instalación y configuración de redes,51.3,67,7.21,5,36.06,40.27,78.5,11.03,Equilibrado
Telecomunicaciones,3° medio,Mantenimiento de circuitos electrónicos básicos,42.75,55,7.49,5,37.47,34.35,80.4,8.4,Equilibrado
Telecomunicaciones,4° medio,Instalación de servicios básicos de telecomunicaciones,34.2,61,5.55,5,27.77,28.23,82.6,5.97,Equilibrado
Telecomunicaciones,4° medio,Comunicaciones inalámbricas,51.3,67,7.21,5,36.06,40.27,78.5,11.03,Equilibrado
Telecomunicaciones,4° medio,Instalación de redes telefónicas convergentes,42.75,67,6.19,5,30.94,34.55,80.8,8.2,Equilibrado
Telecomunicaciones,4° medio,Sistemas operativos de redes,34.2,67,5.09,5,25.46,28.43,83.1,5.77,Equilibrado
Telecomunicaciones,4° medio,Mantenimiento de redes de acceso y banda ancha,42.75,61,6.78,5,33.89,34.45,80.6,8.3,Equilibrado
Telecomunicaciones,4° medio,Emprendimiento y empleabilidad,17.1,67,2.98,5,14.88,16.62,97.2,0.48,Margen crítico
"Administración, mención Logística",3° medio,Utilización de información contable,34.2,55,6.2,5,31.02,28.43,83.1,5.77,Equilibrado
"Administración, mención Logística",3° medio,Gestión comercial y tributaria,34.2,55,6.2,5,31.02,28.43,83.1,5.77,Equilibrado
"Administración, mención Logística",3° medio,Procesos administrativos,42.75,67,6.19,5,30.94,34.55,80.8,8.2,Equilibrado
"Administración, mención Logística",3° medio,Atención de clientes,34.2,55,6.2,5,31.02,28.43,83.1,5.77,Equilibrado
"Administración, mención Logística",4° medio,Organización de oficinas,17.1,55,3.58,5,17.91,16.42,96.0,0.68,Margen crítico
"Administración, mención Logística",4° medio,Aplicaciones informáticas para la gestión administrativa,25.65,61,4.39,5,21.97,22.33,87.1,3.32,Ocupación alta
"Administración, mención Logística",4° medio,Operaciones de almacenamiento,51.3,79,6.18,5,30.89,40.67,79.3,10.63,Equilibrado
"Administración, mención Logística",4° medio,Operaciones de bodega,51.3,55,8.79,5,43.93,40.27,78.5,11.03,Equilibrado
"Administración, mención Logística",4° medio,Logística y distribución,51.3,73,6.65,5,33.26,40.47,78.9,10.83,Equilibrado
"Administración, mención Logística",4° medio,Seguridad en bodegas,17.1,55,3.58,5,17.91,16.42,96.0,0.68,Margen crítico
"Administración, mención Logística",4° medio,Emprendimiento y empleabilidad,17.1,67,2.98,5,14.88,16.62,97.2,0.48,Margen crítico
"Administración, mención Recursos Humanos",3° medio,Utilización de información contable,34.2,55,6.2,5,31.02,28.43,83.1,5.77,Equilibrado
"Administración, mención Recursos Humanos",3° medio,Gestión comercial y tributaria,34.2,55,6.2,5,31.02,28.43,83.1,5.77,Equilibrado
"Administración, mención Recursos Humanos",3° medio,Procesos administrativos,42.75,67,6.19,5,30.94,34.55,80.8,8.2,Equilibrado
"Administración, mención Recursos Humanos",3° medio,Atención de clientes,34.2,55,6.2,5,31.02,28.43,83.1,5.77,Equilibrado
"Administración, mención Recursos Humanos",4° medio,Organización de oficinas,17.1,55,3.58,5,17.91,16.42,96.0,0.68,Margen crítico
"Administración, mención Recursos Humanos",4° medio,Aplicaciones informáticas para la gestión administrativa,25.65,61,4.39,5,21.97,22.33,87.1,3.32,Ocupación alta
"Administración, mención Recursos Humanos",4° medio,Legislación laboral,34.2,61,5.55,5,27.77,28.23,82.6,5.97,Equilibrado
"Administración, mención Recursos Humanos",4° medio,"Cálculo de remuneración, finiquitos y obligaciones laborales",51.3,61,7.94,5,39.7,40.37,78.7,10.93,Equilibrado
"Administración, mención Recursos Humanos",4° medio,Desarrollo y bienestar del personal,51.3,61,7.94,5,39.7,40.37,78.7,10.93,Equilibrado
"Administración, mención Recursos Humanos",4° medio,Dotación de personal,34.2,61,5.55,5,27.77,28.23,82.6,5.97,Equilibrado
"Administración, mención Recursos Humanos",4° medio,Emprendimiento y empleabilidad,17.1,67,2.98,5,14.88,16.62,97.2,0.48,Margen crítico
"Agropecuaria, mención Agricultura",3° medio,Manejo de suelo y residuos,42.75,79,5.19,5,25.94,34.15,79.9,8.6,Equilibrado
"Agropecuaria, mención Agricultura",3° medio,Manejo de técnicas de riego,34.2,73,4.69,5,23.45,28.53,83.4,5.67,Equilibrado
"Agropecuaria, mención Agricultura",3° medio,Técnicas de reproducción vegetal,42.75,55,7.49,5,37.47,34.35,80.4,8.4,Equilibrado
"Agropecuaria, mención Agricultura",3° medio,Alimentación y pesaje pecuario,34.2,67,5.09,5,25.46,28.43,83.1,5.77,Equilibrado
"Agropecuaria, mención Agricultura",4° medio,Control de plagas y enfermedades,34.2,61,5.55,5,27.77,28.23,82.6,5.97,Equilibrado
"Agropecuaria, mención Agricultura",4° medio,Técnicas de cultivo de especies vegetales,42.75,61,6.78,5,33.89,34.45,80.6,8.3,Equilibrado
"Agropecuaria, mención Agricultura",4° medio,Manejos para optimización productiva de frutales,51.3,61,7.94,5,39.7,40.37,78.7,10.93,Equilibrado
"Agropecuaria, mención Agricultura",4° medio,Postcosecha y guarda de productos agrícolas,51.3,67,7.21,5,36.06,40.27,78.5,11.03,Equilibrado
"Agropecuaria, mención Agricultura",4° medio,Mantenimiento de maquinarias y equipos agrícolas,25.65,61,4.39,5,21.97,22.33,87.1,3.32,Ocupación alta
"Agropecuaria, mención Agricultura",4° medio,Emprendimiento y empleabilidad,17.1,67,2.98,5,14.88,16.62,97.2,0.48,Margen crítico
"Agropecuaria, mención Pecuaria",3° medio,Manejo de suelo y residuos,42.75,79,5.19,5,25.94,34.15,79.9,8.6,Equilibrado
"Agropecuaria, mención Pecuaria",3° medio,Manejo de técnicas de riego,34.2,73,4.69,5,23.45,28.53,83.4,5.67,Equilibrado
"Agropecuaria, mención Pecuaria",3° medio,Técnicas de reproducción vegetal,42.75,55,7.49,5,37.47,34.35,80.4,8.4,Equilibrado
"Agropecuaria, mención Pecuaria",3° medio,Alimentación y pesaje pecuario,34.2,67,5.09,5,25.46,28.43,83.1,5.77,Equilibrado
"Agropecuaria, mención Pecuaria",4° medio,Control de plagas y enfermedades,34.2,61,5.55,5,27.77,28.23,82.6,5.97,Equilibrado
"Agropecuaria, mención Pecuaria",4° medio,Manejos pecuarios,42.75,79,5.19,5,25.94,34.15,79.9,8.6,Equilibrado
"Agropecuaria, mención Pecuaria",4° medio,Reproducción animal,34.2,61,5.55,5,27.77,28.23,82.6,5.97,Equilibrado
"Agropecuaria, mención Pecuaria",4° medio,Producción lechera,34.2,61,5.55,5,27.77,28.23,82.6,5.97,Equilibrado
"Agropecuaria, mención Pecuaria",4° medio,Sanidad y bienestar animal,34.2,61,5.55,5,27.77,28.23,82.6,5.97,Equilibrado
"Agropecuaria, mención Pecuaria",4° medio,Cultivo de praderas y forrajes,25.65,61,4.39,5,21.97,22.33,87.1,3.32,Ocupación alta
"Agropecuaria, mención Pecuaria",4° medio,Emprendimiento y empleabilidad,17.1,67,2.98,5,14.88,16.62,97.2,0.48,Margen crítico
"Agropecuaria, mención Vitivinícola",3° medio,Manejo de suelo y residuos,42.75,79,5.19,5,25.94,34.15,79.9,8.6,Equilibrado
"Agropecuaria, mención Vitivinícola",3° medio,Manejo de técnicas de riego,34.2,73,4.69,5,23.45,28.53,83.4,5.67,Equilibrado
"Agropecuaria, mención Vitivinícola",3° medio,Técnicas de reproducción vegetal,42.75,55,7.49,5,37.47,34.35,80.4,8.4,Equilibrado
"Agropecuaria, mención Vitivinícola",3° medio,Alimentación y pesaje pecuario,34.2,67,5.09,5,25.46,28.43,83.1,5.77,Equilibrado
"Agropecuaria, mención Vitivinícola",4° medio,Control de plagas y enfermedades,34.2,61,5.55,5,27.77,28.23,82.6,5.97,Equilibrado
"Agropecuaria, mención Vitivinícola",4° medio,Viticultura,42.75,67,6.19,5,30.94,34.55,80.8,8.2,Equilibrado
"Agropecuaria, mención Vitivinícola",4° medio,Cosecha y transporte de vides,34.2,61,5.55,5,27.77,28.23,82.6,5.97,Equilibrado
"Agropecuaria, mención Vitivinícola",4° medio,Elaboración de vinos,34.2,55,6.2,5,31.02,28.43,83.1,5.77,Equilibrado
"Agropecuaria, mención Vitivinícola",4° medio,Envasado y maquinaria vitivinícola,34.2,73,4.69,5,23.45,28.53,83.4,5.67,Equilibrado
"Agropecuaria, mención Vitivinícola",4° medio,Manejo de bodegas vitivinícolas,25.65,55,4.87,5,24.36,22.33,87.1,3.32,Ocupación alta
"Agropecuaria, mención Vitivinícola",4° medio,Emprendimiento y empleabilidad,17.1,67,2.98,5,14.88,16.62,97.2,0.48,Margen crítico
"Construcción, mención Edificación",3° medio,"Análisis de muestras de hormigón, suelos y materiales",34.2,61,5.55,5,27.77,28.23,82.6,5.97,Equilibrado
"Construcción, mención Edificación",3° medio,Carpintería de instalación de faenas,34.2,55,6.2,5,31.02,28.43,83.1,5.77,Equilibrado
"Construcción, mención Edificación",3° medio,Control y mantenimiento de bodegas y pañoles,17.1,67,2.98,5,14.88,16.62,97.2,0.48,Margen crítico
"Construcción, mención Edificación",3° medio,Cubicación de materiales e insumos,17.1,55,3.58,5,17.91,16.42,96.0,0.68,Margen crítico
"Construcción, mención Edificación",4° medio,Interpretación de planos de construcción,34.2,55,6.2,5,31.02,28.43,83.1,5.77,Equilibrado
"Construcción, mención Edificación",4° medio,Prevención de riesgos en la construcción,17.1,55,3.58,5,17.91,16.42,96.0,0.68,Margen crítico
"Construcción, mención Edificación",4° medio,Trazado de obras de construcción,34.2,67,5.09,5,25.46,28.43,83.1,5.77,Equilibrado
"Construcción, mención Edificación",4° medio,Albañilerías estructurales y no estructurales,34.2,55,6.2,5,31.02,28.43,83.1,5.77,Equilibrado
"Construcción, mención Edificación",4° medio,Carpintería estructural,51.3,61,7.94,5,39.7,40.37,78.7,10.93,Equilibrado
"Construcción, mención Edificación",4° medio,Enfierradura para elementos estructurales,34.2,55,6.2,5,31.02,28.43,83.1,5.77,Equilibrado
"Construcción, mención Edificación",4° medio,Estructuras de hormigón,51.3,67,7.21,5,36.06,40.27,78.5,11.03,Equilibrado
"Construcción, mención Edificación",4° medio,Emprendimiento y empleabilidad,17.1,67,2.98,5,14.88,16.62,97.2,0.48,Margen crítico
"Construcción, mención Terminaciones de la Construcción",3° medio,"Análisis de muestras de hormigón, suelos y materiales",34.2,61,5.55,5,27.77,28.23,82.6,5.97,Equilibrado
"Construcción, mención Terminaciones de la Construcción",3° medio,Carpintería de instalación de faenas,34.2,55,6.2,5,31.02,28.43,83.1,5.77,Equilibrado
"Construcción, mención Terminaciones de la Construcción",3° medio,Control y mantenimiento de bodegas y pañoles,17.1,67,2.98,5,14.88,16.62,97.2,0.48,Margen crítico
"Construcción, mención Terminaciones de la Construcción",3° medio,Cubicación de materiales e insumos,17.1,55,3.58,5,17.91,16.42,96.0,0.68,Margen crítico
"Construcción, mención Terminaciones de la Construcción",4° medio,Interpretación de planos de construcción,34.2,55,6.2,5,31.02,28.43,83.1,5.77,Equilibrado
"Construcción, mención Terminaciones de la Construcción",4° medio,Prevención de riesgos en la construcción,17.1,55,3.58,5,17.91,16.42,96.0,0.68,Margen crítico
"Construcción, mención Terminaciones de la Construcción",4° medio,Trazado de obras de construcción,34.2,67,5.09,5,25.46,28.43,83.1,5.77,Equilibrado
"Construcción, mención Terminaciones de la Construcción",4° medio,Impermeabilización y aislación de elementos,34.2,55,6.2,5,31.02,28.43,83.1,5.77,Equilibrado
"Construcción, mención Terminaciones de la Construcción",4° medio,Instalación de cubiertas y elementos de evacuación de aguas lluvias,34.2,55,6.2,5,31.02,28.43,83.1,5.77,Equilibrado
"Construcción, mención Terminaciones de la Construcción",4° medio,"Instalación de muebles, puertas y ventanas",51.3,61,7.94,5,39.7,40.37,78.7,10.93,Equilibrado
"Construcción, mención Terminaciones de la Construcción",4° medio,"Revestimientos para pisos, muros y cielos",51.3,61,7.94,5,39.7,40.37,78.7,10.93,Equilibrado
"Construcción, mención Terminaciones de la Construcción",4° medio,Emprendimiento y empleabilidad,17.1,67,2.98,5,14.88,16.62,97.2,0.48,Margen crítico
"Construcción, mención Obras Viales e Infraestructura",3° medio,"Análisis de muestras de hormigón, suelos y materiales",34.2,61,5.55,5,27.77,28.23,82.6,5.97,Equilibrado
"Construcción, mención Obras Viales e Infraestructura",3° medio,Carpintería de instalación de faenas,34.2,55,6.2,5,31.02,28.43,83.1,5.77,Equilibrado
"Construcción, mención Obras Viales e Infraestructura",3° medio,Control y mantenimiento de bodegas y pañoles,17.1,67,2.98,5,14.88,16.62,97.2,0.48,Margen crítico
"Construcción, mención Obras Viales e Infraestructura",3° medio,Cubicación de materiales e insumos,17.1,55,3.58,5,17.91,16.42,96.0,0.68,Margen crítico
"Construcción, mención Obras Viales e Infraestructura",4° medio,Interpretación de planos de construcción,34.2,55,6.2,5,31.02,28.43,83.1,5.77,Equilibrado
"Construcción, mención Obras Viales e Infraestructura",4° medio,Prevención de riesgos en la construcción,17.1,55,3.58,5,17.91,16.42,96.0,0.68,Margen crítico
"Construcción, mención Obras Viales e Infraestructura",4° medio,Trazado de obras de construcción,34.2,67,5.09,5,25.46,28.43,83.1,5.77,Equilibrado
"Construcción, mención Obras Viales e Infraestructura",4° medio,Calidad en obras viales e infraestructura,42.75,55,7.49,5,37.47,34.35,80.4,8.4,Equilibrado
"Construcción, mención Obras Viales e Infraestructura",4° medio,Seguridad vial,34.2,55,6.2,5,31.02,28.43,83.1,5.77,Equilibrado
"Construcción, mención Obras Viales e Infraestructura",4° medio,Mantenimiento de obras viales,34.2,61,5.55,5,27.77,28.23,82.6,5.97,Equilibrado
"Construcción, mención Obras Viales e Infraestructura",4° medio,Conformación de la calzada,34.2,61,5.55,5,27.77,28.23,82.6,5.97,Equilibrado
"Construcción, mención Obras Viales e Infraestructura",4° medio,Infraestructura para la protección de la calzada,25.65,61,4.39,5,21.97,22.33,87.1,3.32,Ocupación alta
"Construcción, mención Obras Viales e Infraestructura",4° medio,Empleabilidad y emprendimiento,17.1,67,2.98,5,14.88,16.62,97.2,0.48,Margen crítico
"Química Industrial, mención Laboratorio Químico",3° medio,Manejo y almacenamiento seguro de materiales,34.2,73,4.69,5,23.45,28.53,83.4,5.67,Equilibrado
"Química Industrial, mención Laboratorio Químico",3° medio,"Técnicas, procesos y equipos de laboratorio",51.3,73,6.65,5,33.26,40.47,78.9,10.83,Equilibrado
"Química Industrial, mención Laboratorio Químico",3° medio,Fabricación de productos industriales,51.3,67,7.21,5,36.06,40.27,78.5,11.03,Equilibrado
"Química Industrial, mención Laboratorio Químico",3° medio,Cuidado del medioambiente y tratamiento de residuos,51.3,61,7.94,5,39.7,40.37,78.7,10.93,Equilibrado
"Química Industrial, mención Laboratorio Químico",4° medio,Toma de muestra,25.65,67,4.0,5,20.0,22.33,87.1,3.32,Ocupación alta
"Química Industrial, mención Laboratorio Químico",4° medio,Preparación de muestras para análisis orgánico,42.75,73,5.63,5,28.15,34.25,80.1,8.5,Equilibrado
"Química Industrial, mención Laboratorio Químico",4° medio,Técnicas de análisis físico-químico,42.75,61,6.78,5,33.89,34.45,80.6,8.3,Equilibrado
"Química Industrial, mención Laboratorio Químico",4° medio,Técnicas de análisis instrumental,34.2,61,5.55,5,27.77,28.23,82.6,5.97,Equilibrado
"Química Industrial, mención Laboratorio Químico",4° medio,Mantenimiento de equipos e instrumentos de laboratorio,25.65,55,4.87,5,24.36,22.33,87.1,3.32,Ocupación alta
"Química Industrial, mención Laboratorio Químico",4° medio,Emprendimiento y empleabilidad,17.1,67,2.98,5,14.88,16.62,97.2,0.48,Margen crítico
"Química Industrial, mención Planta Química",3° medio,Manejo y almacenamiento seguro de materiales,34.2,73,4.69,5,23.45,28.53,83.4,5.67,Equilibrado
"Química Industrial, mención Planta Química",3° medio,"Técnicas, procesos y equipos de laboratorio",51.3,73,6.65,5,33.26,40.47,78.9,10.83,Equilibrado
"Química Industrial, mención Planta Química",3° medio,Fabricación de productos industriales,51.3,67,7.21,5,36.06,40.27,78.5,11.03,Equilibrado
"Química Industrial, mención Planta Química",3° medio,Cuidado del medioambiente y tratamiento de residuos,51.3,61,7.94,5,39.7,40.37,78.7,10.93,Equilibrado
"Química Industrial, mención Planta Química",4° medio,Transferencia de calor y operaciones unitarias,51.3,61,7.94,5,39.7,40.37,78.7,10.93,Equilibrado
"Química Industrial, mención Planta Química",4° medio,Acondicionamiento de sólidos y control automático,25.65,55,4.87,5,24.36,22.33,87.1,3.32,Ocupación alta
"Química Industrial, mención Planta Química",4° medio,Muestreo de productos industriales,51.3,61,7.94,5,39.7,40.37,78.7,10.93,Equilibrado
"Química Industrial, mención Planta Química",4° medio,Mantenimiento de sistemas auxiliares,42.75,61,6.78,5,33.89,34.45,80.6,8.3,Equilibrado
"Química Industrial, mención Planta Química",4° medio,Emprendimiento y empleabilidad,17.1,67,2.98,5,14.88,16.62,97.2,0.48,Margen crítico
"Mecánica Industrial, mención Máquinas-Herramientas",3° medio,Soldadura,42.75,67,6.19,5,30.94,34.55,80.8,8.2,Equilibrado
"Mecánica Industrial, mención Máquinas-Herramientas",3° medio,Mantenimiento de herramientas,42.75,61,6.78,5,33.89,34.45,80.6,8.3,Equilibrado
"Mecánica Industrial, mención Máquinas-Herramientas",3° medio,Medición y verificación,42.75,61,6.78,5,33.89,34.45,80.6,8.3,Equilibrado
"Mecánica Industrial, mención Máquinas-Herramientas",3° medio,Mecánica de banco,34.2,67,5.09,5,25.46,28.43,83.1,5.77,Equilibrado
"Mecánica Industrial, mención Máquinas-Herramientas",4° medio,Lectura de manuales y planos,25.65,61,4.39,5,21.97,22.33,87.1,3.32,Ocupación alta
"Mecánica Industrial, mención Máquinas-Herramientas",4° medio,Torneado de piezas y conjuntos mecánicos,51.3,61,7.94,5,39.7,40.37,78.7,10.93,Equilibrado
"Mecánica Industrial, mención Máquinas-Herramientas",4° medio,Fresado de piezas y conjuntos mecánicos,51.3,61,7.94,5,39.7,40.37,78.7,10.93,Equilibrado
"Mecánica Industrial, mención Máquinas-Herramientas",4° medio,Taladrado y rectificado de piezas mecánicas,17.1,61,3.23,5,16.15,16.42,96.0,0.68,Margen crítico
"Mecánica Industrial, mención Máquinas-Herramientas",4° medio,Mecanizado con máquinas de control numérico computacional,51.3,73,6.65,5,33.26,40.47,78.9,10.83,Equilibrado
"Mecánica Industrial, mención Máquinas-Herramientas",4° medio,Emprendimiento y empleabilidad,17.1,67,2.98,5,14.88,16.62,97.2,0.48,Margen crítico
"Mecánica Industrial, mención Matricería",3° medio,Soldadura,42.75,67,6.19,5,30.94,34.55,80.8,8.2,Equilibrado
"Mecánica Industrial, mención Matricería",3° medio,Mantenimiento de herramientas,42.75,61,6.78,5,33.89,34.45,80.6,8.3,Equilibrado
"Mecánica Industrial, mención Matricería",3° medio,Medición y verificación,42.75,61,6.78,5,33.89,34.45,80.6,8.3,Equilibrado
"Mecánica Industrial, mención Matricería",3° medio,Mecánica de banco,34.2,67,5.09,5,25.46,28.43,83.1,5.77,Equilibrado
"Mecánica Industrial, mención Matricería",4° medio,Lectura de manuales y planos,25.65,61,4.39,5,21.97,22.33,87.1,3.32,Ocupación alta
"Mecánica Industrial, mención Matricería",4° medio,Fabricación de matrices,42.75,61,6.78,5,33.89,34.45,80.6,8.3,Equilibrado
"Mecánica Industrial, mención Matricería",4° medio,Fabricación de moldes,42.75,61,6.78,5,33.89,34.45,80.6,8.3,Equilibrado
"Mecánica Industrial, mención Matricería",4° medio,Mantención de matrices y moldes,42.75,79,5.19,5,25.94,34.15,79.9,8.6,Equilibrado
"Mecánica Industrial, mención Matricería",4° medio,Diseño y dibujo de moldes y matrices,42.75,61,6.78,5,33.89,34.45,80.6,8.3,Equilibrado
"Mecánica Industrial, mención Matricería",4° medio,Emprendimiento y empleabilidad,17.1,67,2.98,5,14.88,16.62,97.2,0.48,Margen crítico
"Mecánica Industrial, mención Mantenimiento Electromecánico",3° medio,Soldadura,42.75,67,6.19,5,30.94,34.55,80.8,8.2,Equilibrado
"Mecánica Industrial, mención Mantenimiento Electromecánico",3° medio,Mantenimiento de herramientas,42.75,61,6.78,5,33.89,34.45,80.6,8.3,Equilibrado
"Mecánica Industrial, mención Mantenimiento Electromecánico",3° medio,Medición y verificación,42.75,61,6.78,5,33.89,34.45,80.6,8.3,Equilibrado
"Mecánica Industrial, mención Mantenimiento Electromecánico",3° medio,Mecánica de banco,34.2,67,5.09,5,25.46,28.43,83.1,5.77,Equilibrado
"Mecánica Industrial, mención Mantenimiento Electromecánico",4° medio,Lectura de manuales y planos,25.65,61,4.39,5,21.97,22.33,87.1,3.32,Ocupación alta
"Mecánica Industrial, mención Mantenimiento Electromecánico",4° medio,Mantenimiento y reparación industrial,51.3,67,7.21,5,36.06,40.27,78.5,11.03,Equilibrado
"Mecánica Industrial, mención Mantenimiento Electromecánico",4° medio,Detección de fallas en sistemas industriales,34.2,61,5.55,5,27.77,28.23,82.6,5.97,Equilibrado
"Mecánica Industrial, mención Mantenimiento Electromecánico",4° medio,Control de procesos industriales,51.3,61,7.94,5,39.7,40.37,78.7,10.93,Equilibrado
"Mecánica Industrial, mención Mantenimiento Electromecánico",4° medio,Montaje de equipos y sistemas industriales,34.2,61,5.55,5,27.77,28.23,82.6,5.97,Equilibrado
"Mecánica Industrial, mención Mantenimiento Electromecánico",4° medio,Emprendimiento y empleabilidad,17.1,67,2.98,5,14.88,16.62,97.2,0.48,Margen crítico
