Curso_ID,Curso,Modulos,Desarrollos_observados,Pestañas_observadas,Pestañas_esperadas,Bloques_HVAC_señalados,Presencia_bloque_HVAC_UI,Cumplimiento_control_textual,Cumplimiento_integral
1,Refrigeración y Climatización,9,9,45,45,0,0,100.0,
2,Electricidad,9,5,45,45,6,5,33.33,
3,"Atención de Enfermería, mención Adulto Mayor",13,13,65,65,10,10,23.08,
4,"Atención de Enfermería, mención Enfermería",10,10,50,50,7,7,30.0,
5,"Gastronomía, mención Cocina",11,11,55,55,8,8,27.27,
6,"Gastronomía, mención Pastelería y Repostería",11,11,55,55,8,8,27.27,
7,Servicios de Hotelería,10,10,50,50,7,7,30.0,
8,Contabilidad,10,10,50,50,7,7,30.0,
9,Elaboración Industrial de Alimentos,9,9,45,45,6,6,33.33,
10,Vestuario y Confección Textil,10,10,50,50,7,7,30.0,
11,Instalaciones Sanitarias,10,10,50,50,7,7,30.0,
12,Montaje Industrial,9,9,45,45,6,6,33.33,
13,Electrónica,10,10,50,50,7,7,30.0,
14,Dibujo Técnico,11,11,55,55,8,8,27.27,
15,Gráfica,9,9,45,45,6,6,33.33,
16,Servicios de Turismo,10,10,50,50,7,7,30.0,
17,Forestal,9,9,45,45,6,6,33.33,
18,Muebles y Terminaciones en Madera,10,10,50,50,7,7,30.0,
19,Acuicultura,9,9,45,45,6,6,33.33,
20,Operaciones Portuarias,9,9,45,45,6,6,33.33,
21,Pesquería,9,9,45,45,6,6,33.33,
22,Tripulación de Naves Mercantes y Especiales,9,9,45,45,6,6,33.33,
23,Construcciones Metálicas,9,9,45,45,6,6,33.33,
24,Mecánica Automotriz,10,10,50,50,7,7,30.0,
25,Mecánica de Mantenimiento de Aeronaves,11,11,55,55,8,8,27.27,
26,Asistencia en Geología,9,9,45,45,6,6,33.33,
27,Explotación Minera,9,9,45,45,6,6,33.33,
28,Metalurgia Extractiva,9,9,45,45,6,6,33.33,
29,Atención de Párvulos,10,10,50,50,7,7,30.0,
30,Conectividad y Redes,9,9,45,45,6,6,33.33,
31,Programación,9,9,45,45,6,6,33.33,
32,Telecomunicaciones,10,10,50,50,7,7,30.0,
33,"Administración, mención Logística",11,11,55,55,8,8,27.27,
34,"Administración, mención Recursos Humanos",11,11,55,55,8,8,27.27,
35,"Agropecuaria, mención Agricultura",10,10,50,50,7,7,30.0,
36,"Agropecuaria, mención Pecuaria",11,11,55,55,8,8,27.27,
37,"Agropecuaria, mención Vitivinícola",11,11,55,55,8,8,27.27,
38,"Construcción, mención Edificación",12,12,60,60,9,9,25.0,
39,"Construcción, mención Terminaciones de la Construcción",12,12,60,60,9,9,25.0,
40,"Construcción, mención Obras Viales e Infraestructura",13,13,65,65,9,9,30.77,
41,"Química Industrial, mención Laboratorio Químico",10,10,50,50,7,7,30.0,
42,"Química Industrial, mención Planta Química",9,9,45,45,6,6,33.33,
43,"Mecánica Industrial, mención Máquinas-Herramientas",10,10,50,50,7,7,30.0,
44,"Mecánica Industrial, mención Matricería",10,10,50,50,7,7,30.0,
45,"Mecánica Industrial, mención Mantenimiento Electromecánico",10,10,50,50,7,7,30.0,
